url,title,description,content
https://cafef.vn/thong-bao-khan-lien-quan-den-xuat-nhap-canh-cua-tat-ca-nguoi-dan-ca-nuoc-tu-ngay-15-12-188251123073246619.chn,Thông báo khẩn liên quan đến xuất nhập cảnh của tất cả người dân cả nước từ ngày 15/12,Nhiều mức phạt mới liên quan đến vấn đề xuất nhập cảnh có hiệu lực từ ngày 15/12/2025.,"Từ ngày 15/12/2025, Nghị định 282/2025/NĐ-CP chính thức áp dụng, quy định hàng loạt mức xử phạt mới trong lĩnh vực an ninh, trật tự, an toàn xã hội, đặc biệt là các hành vi liên quan đến xuất cảnh, nhập cảnh, quá cảnh, cư trú và đi lại của công dân Việt Nam và người nước ngoài trên lãnh thổ Việt Nam.
Theo Điều 21 của Nghị định, người nước ngoài đi lại trong lãnh thổ Việt Nam nhưng không mang theo giấy tờ sẽ bị phạt cảnh cáo hoặc phạt tiền từ 300.000 – 500.000 đồng.

Nhiều hành vi khác bị phạt từ 500.000 đến 2 triệu đồng, gồm:
Không thông báo mất hộ chiếu hoặc giấy tờ xuất nhập cảnh.
Khai sai sự thật để được cấp hoặc gia hạn giấy tờ.
Vào khu vực hạn chế mà không có phép.
Không xuất trình giấy tờ khi cơ quan chức năng yêu cầu.
Người nước ngoài cư trú quá hạn dưới 16 ngày.
Công dân Việt Nam nhập cảnh không có giấy tờ hợp lệ.
Chiếm đoạt hoặc chiếm giữ giấy tờ xuất nhập cảnh của người khác.

Các vi phạm như tẩy xóa, sửa chữa hộ chiếu; cho thuê, cho mượn giấy tờ xuất nhập cảnh; dùng giấy tờ của người khác để nhập cảnh hoặc qua lại biên giới; hoặc cơ sở lưu trú không khai báo tạm trú cho người nước ngoài (1–3 người) sẽ bị xử phạt từ3 đến 5 triệu đồng.
Người vượt biên trái phép hoặc cư trú quá hạn từ 16–30 ngày có thể bị phạt5–10 triệu đồng.
Sử dụng hộ chiếu giả, tem AB giả, giấy tờ xuất nhập cảnh giả; cư trú quá hạn từ 30–60 ngày; hoặc cơ sở lưu trú không khai báo từ 4–8 người nước ngoài đều bị xử phạt10–15 triệu đồng.

Nghị định cũng quy định mức phạt từ15–20 triệu đồngđối với người nước ngoài làm việc hoặc hoạt động tại Việt Nam khi chưa được phép, cư trú quá hạn từ 60–90 ngày, mua bán hộ chiếu hoặc công dân Việt Nam dùng thị thực nước ngoài giả.
Những hành vi như bảo lãnh người nước ngoài nhưng khai sai sự thật, nhập cảnh sai mục đích, giả mạo hồ sơ để được cấp hộ chiếu, hoặc cư trú quá hạn từ 90–180 ngày sẽ bị phạt20–25 triệu đồng.

Các hành vi đặc biệt nghiêm trọng bị phạt30–40 triệu đồng, bao gồm:
Vào trụ sở cơ quan ngoại giao, tổ chức quốc tế khi chưa được phép.
Người nước ngoài cư trú tại khu vực cấm.
Chủ phương tiện đưa người qua biên giới mà không làm thủ tục nhập cảnh.
Tổ chức hoặc môi giới xuất nhập cảnh trái phép nhưng chưa đến mức truy cứu hình sự.
Không chấp hành quyết định trục xuất.
Cư trú quá hạn từ 1 năm trở lên mà không được phép.
Vượt biên rồi ở lại Việt Nam nhưng không có giấy tờ hợp lệ.
Riêng hành vi vi phạm của cư dân biên giới sẽ xử lý theo các nghị định về quản lý và bảo vệ biên giới quốc gia.
Nghị định 282/2025/NĐ-CPđược đánh giá là bước siết chặt cần thiết nhằm bảo đảm an ninh, kiểm soát chặt chẽ người nước ngoài cư trú, đồng thời hạn chế tình trạng giả mạo giấy tờ, vi phạm quy định xuất nhập cảnh trong bối cảnh giao lưu, du lịch và lao động quốc tế ngày càng tăng."
https://cafef.vn/thu-tuong-de-xuat-3-uu-tien-chien-luoc-cho-3-chuyen-dong-lon-cua-the-gioi-18825112319581115.chn,Thủ tướng đề xuất 3 ưu tiên chiến lược cho 3 chuyển động lớn của thế giới,"Ngày 23/11, Thủ tướng Phạm Minh Chính đã tham dự Phiên thảo luận thứ ba của Hội nghị Thượng đỉnh G20 với chủ đề ""Một tương lai công bằng và công lý cho tất cả mọi người"", do Tổng thống Nam Phi Cyril Ramaphosa, Chủ tịch G20 năm 2025 chủ trì.","Dự Phiên thảo luận thứ ba của Hội nghị Thượng đỉnh G20 với chủ đề ""Một tương lai công bằng và công lý cho tất cả mọi người"", Thủ tướng Phạm Minh Chính đề xuất 3 ưu tiên chiến lược cho 3 chuyển động lớn của thế giới - Ảnh: VGP/Nhật Bắc
Tại hội nghị, Thủ tướng đã cùng các nhà lãnh đạo thảo luận về những vấn đề mới nổi, có ý nghĩa chiến lược đối với sự phát triển của các quốc gia, đặc biệt là khoáng sản chiến lược, việc làm bền vững, trí tuệ nhân tạo.
Đánh giá chung là cùng với xu hướng chuyển đổi xanh, chuyển đổi số nhu cầu về khoáng sản chiến lược cũng ngày càng gia tăng; tuy nhiên, phần đông các nước đang phát triển chưa được nhận được lợi ích xứng đáng từ nguồn tài nguyên của mình thiếu hụt nguồn lực đầu tư, công nghệ. Theo đó, các nhà lãnh đạo nhất trí triển khai Khung khổ khoáng sản chiến lược G20 nhằm tăng cường hợp tác quốc tế, bảo đảm chuỗi cung ứng khoáng sản chiến lược bền vững, minh bạch, an toàn và ổn định.
Hội nghị cũng khẳng định việc làm bền vững, chất lượng cao là mục tiêu trọng tâm của tăng trưởng kinh tế và cần đóng vai trò trung tâm trong chính sách công nghiệp. Các nhà lãnh đạo cam kết thúc đẩy các chính sách tạo việc làm bền vững, mở rộng cơ hội học tập và đào tạo nghề cho thanh niên, đặc biệt là những nhóm còn hạn chế khả năng tiếp cận cơ hội phát triển; đồng thời đặt mục tiêu đến năm 2030 giảm thêm 5% tỉ lệ thanh niên trong độ tuổi từ 15–29 không đi học, không có việc làm và không tham gia đào tạo.
Thủ tướng hoan nghênh Nam Phi lựa chọn chủ đề ""Khoáng sản chiến lược, việc làm bền vững và trí tuệ nhân tạo"", phản ánh đúng ba chuyển động lớn của thế giới hiện nay: Chuyển đổi xanh, chuyển đổi số và chuyển đổi nhân khẩu - lao động - Ảnh: VGP/Nhật Bắc
Về quản trị trí tuệ nhân tạo, các nhà lãnh đạo nhất trí chú trọng bảo vệ quyền con người, tính minh bạch, công bằng, trách nhiệm, đạo đức, bảo vệ quyền riêng tư, dữ liệu và quản trị dữ liệu; đồng thời đánh giá cao vai trò của Liên Hợp Quốc cùng với các diễn đàn liên quan khác trong thúc đẩy hợp tác quốc tế về trí tuệ nhân tạo.
Hội nghị cũng hoan nghênh Sáng kiến AI vì châu Phi nhằm tăng cường hợp tác giữa G20 và Liên minh châu Phi về trí tuệ nhân tạo.
Phát biểu tại Phiên thảo luận, Thủ tướng Chính phủ Phạm Minh Chính hoan nghênh Nam Phi lựa chọn chủ đề ""Khoáng sản chiến lược, việc làm bền vững và trí tuệ nhân tạo"",phản ánh đúng ba chuyển động lớn của thế giới hiện nay: Chuyển đổi xanh, chuyển đổi số và chuyển đổi nhân khẩu - lao động.
Thủ tướng chỉ rõ sự bùng nổ của khoa học - công nghệ, đặc biệt là trí tuệ nhân tạo đang định hình lại phương thức sản xuất và phân công lao động quốc tế, tạo nhu cầu khổng lồ về năng lượng và khoáng sản chiến lược. Đây là cơ hội để các quốc gia bứt phá, nhưng cũng tiềm ẩn nhiều rủi ro về đứt gãy chuỗi cung ứng, tụt hậu về quản trị, đòi hỏi nỗ lực chung của toàn cầu, đặc biệt là vai trò tiên phong của G20.
Thủ tướng cùng các nhà lãnh đạo thảo luận về những vấn đề mới nổi, có ý nghĩa chiến lược đối với sự phát triển của các quốc gia, đặc biệt là khoáng sản chiến lược, việc làm bền vững, trí tuệ nhân tạo - Ảnh: VGP/Nhật Bắc
Để góp phần tạo ra một tương lai công bằng, bình đẳng và công lý cho các quốc gia và mọi người dân trên toàn cầu, Thủ tướng chia sẻ 3 ưu tiên chiến lược:
Thứ nhất,xây dựng quan hệ đối tác về khoáng sản chiến lượccông bằng, bình đẳng, ổn định, minh bạch, ""lợi ích hài hoà, rủi ro chia sẻ"", nỗ lực thúc đẩy hợp tác, hình thành, đa dạng hóa chuỗi cung ứng khoáng sản bền vững, phát triển ngành công nghiệp chế biến sâu, công nghệ cao, tái chế và việc làm chất lượng, bền vững đáp ứng tiêu chuẩn về môi trường, xã hội và quản trị.
Thứ hai,tạo đột phá về đàotạonhân lựcchất lượng caogắn với phát triển thị trườngviệc làm hiện đại, hiệu quả, bền vững.Thủ tướng Chính phủ kêu gọi G20 ưu tiên hỗ trợ, tạo điều kiện thuận lợi cho các nước đang phát triển tham gia, thụ hưởng các sáng kiến hợp tác giáo dục; giảm thiểu các rào cản, thúc đẩy hợp tác; kết nối thị trường lao động khu vực và toàn cầu; xây dựng các chiến lược, chính sách, chương trình, dự án đào tạo nhân lực chất lượng cao, việc làm cho thanh niên, đào tạo lao động có kỹ năng đáp ứng yêu cầu phát triển nhanh, bền vững.
Thứ ba,xây dựng và phát triển hệ sinh thái trí tuệ nhân tạo vì con người mà không thay thế con người. Thủ tướng Chính phủ đề nghị G20 tiên phong xây dựng bộ tiêu chuẩn quản trị AI công bằng, minh bạch, bao trùm, an toàn và nhân văn, lấy con người làm trung tâm; hỗ trợ các nước đang phát triển xây dựng hạ tầng số, cơ sở dữ liệu, hệ sinh thái công nghệ, quản trị và khai thác trí tuệ nhân tạo vì sự phát triển an toàn, bao trùm, bền vững.
Thủ tướng khẳng định Việt Nam sẵn sàng hợp tác chặt chẽ với G20 và cộng đồng quốc tế triển khai các ưu tiên chiến lược nêu trên bằng các chương trình, dự án hợp tác cụ thể, thiết thực, góp phần mang lại thịnh vượng cho các quốc gia và mọi người dân - Ảnh: VGP/Nhật Bắc
Với phương châm ""cùng lắng nghe, thấu hiểu; cùng niềm tin, hành động; cùng phát triển, thụ hưởng"", Thủ tướng Phạm Minh Chính khẳng định Việt Nam sẵn sàng hợp tác chặt chẽ với G20 và cộng đồng quốc tế triển khai các ưu tiên chiến lược nêu trên bằng các chương trình, dự án hợp tác cụ thể, thiết thực, góp phần mang lại thịnh vượng cho các quốc gia và mọi người dân.
Những chia sẻ của Thủ tướng được hội nghị hoan nghênh và đánh giá cao.
Hội nghị đã thông qua Tuyên bố chung của các nhà lãnh đạo và chuyển giao vai trò Chủ tịch G20 từ Nam Phi sang Hoa Kỳ.
Sự tham gia của đoàn đại biểu cấp cao Việt Nam do Thủ tướng Chính phủ Phạm Minh Chính dẫn đầu đã đóng góp tích cực vào thành công chung của hội nghị, đồng thời làm nổi bật hình ảnh một Việt Nam năng động, vươn lên mạnh mẽ, chủ động, tích cực đóng góp cho hòa bình, hợp tác và phát triển tại khu vực và thế giới.
Sự tham gia của đoàn đại biểu cấp cao Việt Nam do Thủ tướng Chính phủ Phạm Minh Chính dẫn đầu đã đóng góp tích cực vào thành công chung của hội nghị, đồng thời làm nổi bật hình ảnh một Việt Nam năng động, vươn lên mạnh mẽ, chủ động, tích cực đóng góp cho hòa bình, hợp tác và phát triển tại khu vực và thế giới - Ảnh: VGP/Nhật Bắc"
https://cafef.vn/tu-25-11-cam-xe-tai-xe-khach-luu-thong-o-lan-1-truc-nhat-tan-noi-bai-188251123103543483.chn,"Từ 25/11, cấm xe tải, xe khách lưu thông ở làn 1 trục Nhật Tân - Nội Bài","Sở Xây dựng Hà Nội vừa thông báo điều chỉnh tổ chức giao thông, cấm xe tải và xe khách lưu thông ở làn số 1 trên trục đường Nhật Tân - Nội Bài (đường Võ Nguyên Giáp). Thời gian thực hiện từ 25/11.","Cụ thể, Sở Xây dựng Hà Nội thực hiện điều chỉnh tổ chức giao thông đường Võ Nguyên Giáp, Nội Bài - Nhật Tân (đoạn từ cầu sông Thiếp đến Km 11+600 đường Nội Bài - Nhật Tân, dài khoảng 10km).
Theo đó, tại làn số 1 tính từ dải phân cách giữa ra, bổ sung biển P.107 ""cấm ô tô khách và xe ô tô tải""; điều chỉnh biển R.412b ""làn đường dành cho xe ô tô con"" thành biển R.412f ""làn đường dành cho xe ô tô"".
Tại làn 2, làn 3 tính từ dải phân cách giữa, điều chỉnh biển R.403a ""đường dành cho xe ô tô"" thành biển R.412f ""làn đường dành cho xe ô tô"".
Trục Nội Bài - Nhật Tân sẽ được Sở Xây dựng Hà Nội tổ chức lại giao thông từ ngày 25/11. Ảnh A.T
Sở Xây dựng Hà Nội giao Ban Duy tu các công trình hạ tầng giao thông điều chỉnh hệ thống biển báo, bổ sung hệ thống bảo đảm an toàn giao thông, điều chỉnh vạch sơn cho phù hợp theo phương án điều chỉnh tổ chức giao thông; theo dõi, đánh giá tình hình giao thông trên tuyến và khu vực để đề xuất điều chỉnh, khắc phục bất cập phát sinh.
Sau khi có kiến nghị của Cục CSGT, thời gian qua Sở Xây dựng Hà Nội đã giao Ban Duy tu các công trình hạ tầng giao thông (Sở Xây dựng) khẩn trương xây dựng phương án tổ chức giao thông trên tuyến đại lộ Thăng Long (đoạn km 2+250 - km 28+200) và đường Võ Nguyên Giáp (từ nút giao cầu Nhật Tân đến nút giao với đường Võ Văn Kiệt - QL2).
Qua khảo sát thực trạng hạ tầng giao thông và lưu lượng xe qua lại ở hai trục đường trên, tổ công tác liên ngành đánh giá, tuyến đường Võ Nguyên Giáp đủ điều kiện để tổ chức giao thông trong đó có cấm xe tải đi làn 1 theo đề nghị của Cục CSGT.
Trên tuyến đại lộ Thăng Long, tổ công tác cho rằng chưa thể tổ chức giao thông theo hướng cấm xe tải ở làn một, do tuyến đường này đang thực hiện nhiều công trình giao thông theo quy hoạch và kết nối nên việc tổ chức giao thông theo phương án mới chưa thể thực hiện."
https://cafef.vn/thu-tuong-duc-mong-muon-tang-cuong-hop-tac-voi-viet-nam-tren-nhieu-linh-vuc-188251123213843519.chn,Thủ tướng Đức mong muốn tăng cường hợp tác với Việt Nam trên nhiều lĩnh vực,"Sáng 23/11, tại Nam Phi, tiếp tục các hoạt động tại Hội nghị Thượng đỉnh G20, Thủ tướng Chính phủ Phạm Minh Chính đã có cuộc gặp Thủ tướng Đức Friedrich Merz.","Thủ tướng Phạm Minh Chính khẳng định, Việt Nam luôn coi trọng quan hệ Đối tác Chiến lược với Đức và luôn đánh giá cao vai trò đầu tàu của Đức trong Liên minh châu Âu - Ảnh: VGP/Nhật Bắc
Thủ tướng Phạm Minh Chính khẳng định, Việt Nam luôn coi trọng quan hệ Đối tác Chiến lược với Đức và luôn đánh giá cao vai trò đầu tàu của Đức trong Liên minh châu Âu.
Việt Nam hoan nghênh và ủng hộ sự hiện diện tích cực của Đức tại khu vực châu Á - Thái Bình Dương, đóng góp vào duy trì hòa bình, ổn định và vì các mục tiêu phát triển bền vững chung ở khu vực.
Nhân dịp này, Thủ tướng Phạm Minh Chính trân trọng gửi lời thăm hỏi của Tổng Bí thư Tô Lâm và các nhà lãnh đạo Việt Nam đến Thủ tướng Đức và các lãnh đạo Đức.
Hai nhà lãnh đạo nhấn mạnh coi trọng quan hệ đoàn kết, hữu nghị hợp tác trong bối cảnh thế giới và khu vực hiện nay; nhấn mạnh cần tiếp tục thúc đẩy thương mại tự do, lưu thông hàng hóa và dịch vụ, tháo gỡ ách tắc, tạo thuận lợi cho sản xuất kinh doanh, phục vụ lợi ích của người dân.
Nhân dịp này, Thủ tướng gửi lời cảm ơn Quốc hội Đức đã phê chuẩn Hiệp định Bảo hộ đầu tư Việt Nam - EU (EVIPA) vào ngày 13/11/2025 ngay sau cuộc điện đàm giữa hai Thủ tướng (tháng 9/2025), tin tưởng Hiệp định EVIPA khi đi vào triển khai sẽ giúp tạo đột phá trong thương mại - đầu tư song phương.
Thủ tướng bày tỏ cảm ơn và đề nghị Chính phủ Đức tiếp tục hỗ trợ ODA cho Việt Nam trong các lĩnh vực năng lượng, môi trường, đào tạo nghề...; thúc đẩy các khuôn khổ hợp tác lâu dài trong lĩnh vực đào tạo nghề với Việt Nam theo mô hình đào tạo nghề song hành của Đức, tạo thuận lợi cho việc công nhận bằng nghề của Việt Nam theo tiêu chuẩn Đức, tiếp tục quan tâm, tạo điều kiện thuận lợi cho cộng đồng người Việt Nam tại Đức, hội nhập thành công, đóng góp cho phát triển kinh tế - xã hội sở tại và làm cầu nối quan trọng thúc đẩy quan hệ hữu nghị giữa hai nước.
Thủ tướng Đức Friedrich Merz đánh giá cao vai trò và vị thế ngày càng cao của Việt Nam tại khu vực và trên thế giới; mong muốn tăng cường hợp tác với Việt Nam trên nhiều lĩnh vực - Ảnh: VGP/Nhật Bắc
Thủ tướng Đức Friedrich Merz đánh giá cao vai trò và vị thế ngày càng cao của Việt Nam tại khu vực và trên thế giới cũng như những thành tựu mọi mặt của Việt Nam thời gian qua; khẳng định Việt Nam là đối tác quan trọng trong chính sách hướng tới châu Á – Thái Bình Dương của Đức.
Thủ tướng Đức nhấn mạnh mong muốn tăng cường hợp tác với Việt Nam trên các lĩnh vực hai bên có nhu cầu, thế mạnh bổ trợ lẫn nhau, trong đó có lĩnh vực khoáng sản, đường sắt cao tốc, đào tạo nghề, phát triển công nghiệp quốc phòng và an ninh mạng, đồng thời đề nghị hai nước đẩy mạnh hợp tác về đào tạo nghề.
Thủ tướng Phạm Minh Chính nhấn mạnh việc hai nước hợp tác bảo đảm an ninh, chống lại các loại tội phạm, trong đó có tội phạm liên quan đến an ninh quốc gia, bảo đảm ổn định xã hội.
Cuộc gặp giữa hai Thủ tướng là dấu mốc quan trọng, tiếp tục khẳng định quyết tâm của Việt Nam và Đức trong việc đưa quan hệ hai nước lên tầm cao mới nhất là trong bối cảnh hai nước kỷ niệm 50 năm thiết lập quan hệ ngoại giao."
https://cafef.vn/chi-hon-20-ngay-nua-viet-nam-se-chung-kien-mot-ky-luc-gan-1-trieu-ty-dong-188251123071150539.chn,"Chỉ hơn 20 ngày nữa, Việt Nam sẽ chứng kiến một ""kỷ lục"" gần 1 triệu tỷ đồng",Sự kiện đặc biệt này của Việt Nam sẽ được tường thuật và kết nối với nhiều điểm cầu trên cả nước.,"Đó làdự kiến khởi công, khánh thành 198 dự án khởi công vào ngày 19/12.
Thực hiện chỉ đạo của Thủ tướng về chuẩn bị tổ chức Lễ khánh thành, khởi công các dự án, công trình quy mô lớn, ý nghĩa chào mừng Đại hội đại biểu toàn quốc lần thứ XIV của Đảng, Bộ Xây dựng đã đề nghị các bộ, ngành, UBND các tỉnh, thành phố trực thuộc Trung ương, các tập đoàn, tổng công ty trực thuộc Bộ Tài chính đăng ký và chuẩn bị triển khai, gửi Bộ Xây dựng trước ngày 10/11.
Theo báo cáo của Bộ Xây dựng, tính đến ngày 19/11, còn một số Bộ, ngành địa phương chưa gửi báo cáo về Bộ Xây dựng; một số Bộ, ngành và địa phương không đăng ký các công trình, dự án; và một số công trình, dự án có kế hoạch khánh thành, khởi công năm 2025 nhưng chưa được các địa phương rà soát, đăng ký.
Trong đó, các bộ, ngành, địa phương, tập đoàn, tổng công ty đã báo cáo đề xuất khởi công, khánh thành 198 dự án (bao gồm 125 dự án khởi công và 73 dự án khánh thành). Tổng mức đầu tư của 198 dự án là 983.340 tỷ đồng. Trong đó, nguồn vốn từ ngân sách trung ương và ngân sách địa phương là 487.154 tỷ đồng (chiếm 49,5%); nguồn vốn khác là 496.186 tỷ đồng (chiếm 50,5%) và không có vốn FDI.
Trong số 198 dự án, có 32 dự án của 14/18 bộ, cơ quan ngang bộ; 42 dự án của 22 Tập đoàn, Tổng công ty; 124 dự án của 25/34 địa phương. Đáng chú ý, có 5 dự án quan trọng quốc gia, 39 dự án nhóm A, 134 dự án nhóm B và 20 dự án nhóm C.
Dự án cao tốc Hữu Nghị - Chi Lăng dự kiến đến ngày 19/12 sẽ thông xe 54/61km. Ảnh: Đèo Cả
Để bảo đảm về quy mô và các điều kiện tổ chức khánh thành, khởi công, thông xe kỹ thuật... đối với các dự án, Bộ Xây dựng kiến nghị Thủ tướng ban hành Công điện chỉ đạo các bộ, ngành, địa phương khẩn trương rà soát, quyết định và chịu trách nhiệm về việc tổ chức khánh thành, khởi công các dự án, bảo đảm tuân thủ quy định, và gửi văn bản đăng ký về Bộ Xây dựng trước ngày 25/11.
Trên cơ sở báo cáo, số liệu do các bộ, ngành, địa phương gửi về, Bộ Xây dựng sẽ tiến hành chủ trì, phối hợp với Văn phòng Chính phủ, các bộ, ngành, địa phương liên quan rà soát danh mục các dự án, công trình để bảo đảm quy mô, điều kiện tổ chức khánh thành, khởi công theo quy định. Đồng thời Bộ sẽ phối hợp với Đài truyền hình Việt Nam xây dựng Chương trình, kịch bản, phương án kết nối các điểm cầu (trong đó lựa chọn điểm cầu trung tâm, các điểm cầu chính,…) và báo cáo Thủ tướng trước ngày 5/12.
Trong số 198 dự án dự kiến khởi công và khánh thành, có 67 dự án Giao thông, Công trình dân dụng - 28 dự án, Công trình công nghiệp - 42 dự án, Hạ tầng kỹ thuật - 23 dự án, Nhà ở xã hội - 19 dự án, Văn hóa - 4 dự án, Giáo dục - 5 dự án, Nông nghiệp - 2 dự án, Y tế - 8 dự án.
Trước đó, trong phiên họp thứ 21 của của Ban Chỉ đạo Nhà nước các công trình, dự án quan trọng quốc gia, trọng điểm ngành giao thông vận tải, chiều 8/11, Thủ tướng đánh giá trong năm 2025, chúng ta có thể vượt mục tiêu Đại hội XIII đã đề ra (với 3.000 km cao tốc và 1.700 km đường ven biển) và dự kiến 19/12 sẽ khánh thành tuyến đường cao tốc từ Cao Bằng qua Lạng Sơn, về Hà Nội qua miền Trung, TP HCM tới Cà Mau."
https://cafef.vn/giai-quyet-dut-diem-kho-khan-vuong-mac-o-cap-xa-khi-van-hanh-chinh-quyen-dia-phuong-2-cap-18825112316333029.chn,"Giải quyết dứt điểm khó khăn, vướng mắc ở cấp xã khi vận hành chính quyền địa phương 2 cấp","Ban Chỉ đạo của Chính phủ đề nghị cấp ủy, chính quyền địa phương phải xác định việc kiện toàn tổ chức bộ máy và đội ngũ cán bộ, công chức, viên chức ở cấp xã là nhiệm vụ trọng tâm, cấp bách, cần cơ bản hoàn thành tháo gỡ khó khăn trong tháng 12/2025.","Phó Thủ tướng Phạm Thị Thanh Trà - Ảnh: VGP
Phó Thủ tướng Phạm Thị Thanh Trà, Phó Trưởng ban Thường trực Ban Chỉ đạo của Chính phủ về sắp xếp đơn vị hành chính các cấp và xây dựng mô hình tổ chức chính quyền địa phương 2 cấp vừa ký công văn 171/CV-BCĐ gửi Chủ tịch UBND các tỉnh, thành phố trực thuộc Trung ương về việc giải quyết dứt điểm khó khăn, vướng mắc ở cấp xã khi vận hành chính quyền địa phương 2 cấp.
Thực hiện Kết luận số 210-KL/TW ngày 12/11/2025 của Ban Chấp hành Trung ương Đảng khóa XIII về tiếp tục xây dựng, hoàn thiện tổ chức bộ máy của hệ thống chính trị trong thời gian tới và ý kiến chỉ đạo của Tổng Bí thư Tô Lâm tại cuộc họp Bộ Chính trị ngày 14/11/2025, Ban Chỉ đạo của Chính phủ về sắp xếp đơn vị hành chính các cấp và xây dựng mô hình tổ chức chính quyền địa phương 2 cấp yêu cầu Chủ tịch UBND các tỉnh, thành phố trực thuộc Trung ương tập trung, khẩn trương chỉ đạo, giải quyết dứt điểm các khó khăn, vướng mắc ở cấp xã khi vận hành chính quyền địa phương 2 cấp, tập trung vào một số nội dung.
Cụ thể,về tổ chức thực hiện chức năng, nhiệm vụ được phân cấp, phân quyền, phân định thẩm quyền, các địa phương tiếp tục đánh giá tính khả thi và khả năng thực hiện pháp luật về phân cấp, phân quyền, phân định thẩm quyền ở cấp xã để kịp thời điều chỉnh, hướng dẫn theo thẩm quyền hoặc đề xuất cấp có thẩm quyền sửa đổi, ban hành văn bản mới phù hợp với tình hình thực tiễn của địa phương và yêu cầu của Luật Tổ chức chính quyền địa phương số 72/2025/QH15.
Đối với các nhiệm vụ thuộc cấp huyện trước đây đã được phân định thẩm quyền cho cấp xã tại các văn bản quy phạm pháp luật hiện hành, trường hợp có vướng mắc, khó khăn, giao UBND cấp tỉnh chủ động linh hoạt trong chỉ đạo, điều hành và phân công rõ trách nhiệm cho các cơ quan, tổ chức có liên quan kịp thời tháo gỡ khó khăn và chịu trách nhiệm tổ chức thực hiện theo thẩm quyền. Trường hợp vượt thẩm quyền, có văn bản đề nghị Bộ quản lý ngành, lĩnh vực xem xét, giải quyết theo thẩm quyền hoặc báo cáo cấp có thẩm quyền xem xét, xử lý.
Tập trung lãnh đạo, chỉ đạo thực hiện sát sao, đầy đủ, có hiệu quả các nhiệm vụ được phân cấp, phân quyền, phân định thẩm quyền khắc phục ngay những vướng mắc, bất cập, tăng cường toàn diện cho cấp xã, bảo đảm đến hết năm 2025 không còn có khó khăn, vướng mắc liên quan đến nhiệm vụ được phân cấp, phân quyền, phân định thẩm quyền ở địa phương.
Về kiện toàn tổ chức bộ máy và đội ngũ cán bộ, công chức, viên chức ở cấp xã, cấp ủy, chính quyền địa phương xác định đây là nhiệm vụ trọng tâm, cấp bách trước mắt và lâu dài, cần tập trung lãnh đạo, chỉ đạo, cơ bản tháo gỡ khó khăn xong cuối tháng 12/2025 theo chỉ đạo của Tổng Bí thư Tô Lâm.
Khẩn trương chỉ đạo hoàn thiện tổ chức bộ máy, sắp xếp, thành lập mới các đơn vị sự nghiệp công lập ở cấp xã theo đúng chủ trương của Trung ương, quy định của pháp luật và phù hợp với tình hình thực tiễn tại địa phương.
Tiếp tục tập trung bổ sung, bố trí đủ cán bộ, công chức chuyên môn ở cấp xã để tăng cường năng lực quản lý, điều hành và chất lượng phục vụ người dân ở cơ sở, chuyển mạnh từ trạng thái thụ động sang chủ động, từ quản lý sang quản trị và kiến tạo, phát triển kinh tế - xã hội, chăm lo đời sống nhân dân.
Chủ động triển khai thực hiện các biện pháp như tuyển dụng, điều động, luân chuyển hoặc ký hợp đồng lao động để làm công việc chuyên môn, nghiệp vụ theo quy định của pháp luật và hướng dẫn của Bộ Nội vụ để bổ sung nhân lực có chuyên môn ở cấp xã (nhất là nhân lực có kinh nghiệm về quản lý đất đai, quy hoạch, xây dựng, tài chính, công nghệ thông tin, quản lý giáo dục, y tế...).
Tăng cường tổ chức các lớp bồi dưỡng chuyên môn, nghiệp vụ cho đội ngũ cán bộ, công chức cấp xã; nghiên cứu có chính sách hỗ trợ phù hợp với khả năng ngân sách của địa phương cho cán bộ, công chức phải di chuyển công tác xa đến trung tâm hành chính mới trong những năm đầu.
Về cơ sở vật chất, trụ sở và tài sản công, các địa phương tiếp tục rà soát, thống kê, sắp xếp, bố trí, xử lý trụ sở, tài sản công của các cơ quan, tổ chức, đơn vị thuộc phạm vi quản lý; cải tạo, mua sắm tài sản công theo quy định và hướng dẫn của Trung ương, bảo đảm đủ cơ sở vất chất, trang thiết bị cho cấp xã hoạt động.
Về trang thiết bị, phương tiện làm việc và hạ tầng công nghệ thông tin, Ban Chỉ đạo yêu cầu khắc phục triệt để tình trạng thiếu trang thiết bị, phương tiện làm việc, nhất là điều kiện về đường truyền, tín hiệu kết nối; hoàn thiện hạ tầng số, nền tảng số, dữ liệu số bảo đảm kết nối thông suốt giữa các cấp chính quyền địa phương; đẩy mạnh cải cách thủ tục hành chính, thực hiện cắt giảm, đơn giản hóa thủ tục hành chính, nhất là thủ tục hành chính nội bộ; tập trung chuyển đổi số, chuẩn hóa quy trình công việc, bảo đảm giải quyết nhanh gọn, công khai, minh bạch, tạo thuận lợi cho người dân và doanh nghiệp.
Ban Chỉ đạo yêu cầu Chủ tịch Ủy ban nhân dân các tỉnh, thành phố trực thuộc Trung ương khẩn trương chỉ đạo thực hiện, bảo đảm đến hết tháng 12/2025 giải quyết dứt điểm các khó khăn, vướng mắc ở cấp xã về 4 nội dung nêu trên."
https://cafef.vn/chi-dao-dieu-hanh-cua-chinh-phu-thu-tuong-chinh-phu-ngay-23-11-2025-188251123151544852.chn,"Chỉ đạo, điều hành của Chính phủ, Thủ tướng Chính phủ ngày 23/11/2025","Văn phòng Chính phủ vừa có Thông cáo báo chí chỉ đạo, điều hành của Chính phủ, Thủ tướng Chính phủ ngày 23/11/2025.","Người dân ở thôn Thạch Tuân 2, xã Hòa Xuân, tỉnh Đắk Lắk dùng xuồng nhỏ bơi ra quốc lộ 1 để nhận hàng cứu trợ về phân phát lại cho người dân trong thôn.
Phó Thủ tướng Chính phủ Hồ Đức Phớc vừa ký Quyết định số 2572/QĐ-TTg ngày 23/11/2025 của Thủ tướng Chính phủ về việc hỗ trợ khẩn cấp kinh phí cho các tỉnh: Khánh Hòa, Lâm Đồng, Gia Lai và Đắk Lắk để khắc phục thiệt hại do mưa lũ gây ra.
Cụ thể, hỗ trợ 1.100 tỷ đồng từ nguồn dự phòng ngân sách trung ương năm 2025 cho 04 địa phương: Khánh Hòa, Lâm Đồng, Gia Lai, Đắk Lắk (trong đó: tỉnh Khánh Hòa 150 tỷ đồng, tỉnh Lâm Đồng 300 tỷ đồng, tỉnh Gia Lai 150 tỷ đồng, tỉnh Đắk Lắk 500 tỷ đồng) để khắc phục thiệt hại do mưa lũ gây ra như đề nghị của Bộ Tài chính tại Văn bản số 18147/BTC-NSNN ngày 23 tháng 11 năm 2025.
Ủy ban nhân dân các tỉnh có trách nhiệm chủ động cân đối chi ngân sách địa phương, cùng với số kinh phí được ngân sách trung ương hỗ trợ và các nguồn lực tài chính hợp pháp khác để triển khai thực hiện các nhiệm vụ cấp bách khắc phục hậu quả thiên tai theo quy định.
Đồng thời, quản lý, sử dụng số kinh phí bổ sung nêu trên, bảo đảm công khai, minh bạch, đúng mục đích sử dụng, đúng đối tượng, đúng quy định của pháp luật về ngân sách nhà nước và các văn bản pháp luật khác có liên quan, không để thất thoát, tiêu cực; đồng thời báo cáo kết quả sử dụng về Bộ Tài chính, Bộ Nông nghiệp và Môi trường và các cơ quan liên quan để tổng hợp báo cáo Thủ tướng Chính phủ.
Tăng trưởng kinh tế 9 tháng của tỉnh Thanh Hóa ước đạt 8,19%, thuộc nhóm địa phương có tốc độ tăng trưởng GRDP cao nhất cả nước.
Văn phòng Chính phủ ban hành Thông báo số 634/TB-VPCP ngày 22/11/2025 kết luận của Thủ tướng Chính phủ Phạm Minh Chính tại buổi làm việc với Thường trực Tỉnh ủy Thanh Hóa.
Thông báo nêu, tình hình kinh tế - xã hội của tỉnh Thanh Hóa đạt nhiều kết quả tích cực. Tăng trưởng kinh tế 9 tháng của Tỉnh ước đạt 8,19%, thuộc nhóm địa phương có tốc độ tăng trưởng GRDP cao nhất cả nước; cơ cấu kinh tế chuyển dịch tích cực, tăng mạnh tỷ trọng công nghiệp, dịch vụ. Trong đó: sản xuất công nghiệp tăng trưởng cao, 10 tháng tăng 15,55%, cao hơn so với mức tăng cả nước là 9,2%; sản lượng các ngành công nghiệp chủ yếu tăng mạnh (thép, điện, xi măng, quần áo, giày…); nông nghiệp duy trì phát triển ổn định; thương mại, dịch vụ tương đối tích cực, tổng mức bán lẻ hàng hóa và dịch vụ tăng 15,1% (bình quân cả nước tăng 9,3%); xuất khẩu tăng 18,3% (bình quân cả nước tăng 16,2%); tổng thu du lịch tăng 33,7%. Thu ngân sách nhà nước thuộc nhóm 10 địa phương có số thu cao nhất cả nước. Giải ngân đầu tư công đạt tỷ lệ 66,7% kế hoạch (bình quân cả nước là 54,4%); thu hút vốn đầu tư trực tiếp tăng 27,5%. Phát triển doanh nghiệp tích cực, số doanh nghiệp thành lập mới tăng 12,9% so cùng kỳ. Phát triển khoa học công nghệ, chuyển đổi số, phát triển hạ tầng số, ứng dụng AI, phát triển tài sản trí tuệ… được đẩy mạnh, đã hoàn thành 56/93 nhiệm vụ giao trên Hệ thống thông tin, giám sát của Trung ương; năm 2024 xếp thứ 05 cả nước về Chỉ số chuyển đổi số. Thực hiện tốt công tác khắc phục hậu quả thiên tai và các chính sách xã hội, hỗ trợ người nghèo.
Tỉnh Thanh Hóa đã quán triệt, cụ thể hóa và triển khai đầy đủ các quy định, kết luận, chỉ đạo, định hướng của Trung ương trong triển khai mô hình chính quyền địa phương 02 cấp; đồng thuận, thống nhất cao về nhận thức và hành động trong tổ chức thực hiện. Cơ bản hoàn thành các nhiệm vụ Trung ương giao, bảo đảm chất lượng, đúng tiến độ thời gian đề ra. Đội ngũ cán bộ, công chức cấp xã được bố trí hợp lý (trung bình 64 người/xã), đáp ứng yêu cầu chuyên môn, nghiệp vụ; chế độ, chính sách được thực hiện kịp thời, đúng quy định. Công tác tập huấn, hướng dẫn chuyên môn, nghiệp vụ được chú trọng. Cơ sở vật chất, hạ tầng kỹ thuật công nghệ thông tin được đầu tư, nâng cấp (2,5 - 5,5 tỷ đồng/xã, phường). Sau 04 tháng vận hành, tổ chức và hoạt động của chính quyền địa phương các xã, phường bảo đảm thông suốt, liên tục, không gián đoạn, sát dân, gần dân, phục vụ Nhân dân tốt nhất (giải quyết hồ sơ đạt tỷ lệ 91,67%). Công tác chỉ đạo, điều hành chính quyền địa phương 02 cấp từ tỉnh đến cơ sở nhìn chung được thiết lập đồng bộ, thống nhất; các lĩnh vực quản lý nhà nước cơ bản đã được phân công, phân cấp, phân định tương đối rõ ràng, phù hợp với năng lực tổ chức bộ máy, bảo đảm tính khả thi và hiệu quả trong tổ chức thực hiện.
Bên cạnh những kết quả tích cực đã đạt được, Thanh Hóa cần tiếp tục có những giải pháp quyết liệt, cụ thể để khắc phục những tồn tại, hạn chế, khó khăn, thách thức. Trong đó: tăng trưởng kinh tế của tỉnh chưa bền vững, chất lượng tăng trưởng hạn chế. Công nghiệp, nông nghiệp quy mô lớn, công nghệ cao, theo chuỗi giá trị chưa nhiều, năng lực cạnh tranh còn yếu. Cải cách hành chính, cải thiện môi trường đầu tư kinh doanh có mặt còn hạn chế. Kết cấu hạ tầng, nhất là ở khu vực miền núi còn thiếu đồng bộ, chưa đáp ứng yêu cầu phát triển. Chất lượng nguồn nhân lực còn hạn chế, thiếu lao động có trình độ chuyên môn, kỹ thuật, tay nghề cao. Đội ngũ cán bộ, công chức ở một số lĩnh vực chưa đáp ứng yêu cầu.
Tỉnh Thanh Hóa cần nỗ lực, phấn đấu hơn nữa, khẩn trương khắc phục hiệu quả những tồn tại, hạn chế, huy động sự vào cuộc của cả hệ thống chính trị, cộng đồng doanh nghiệp và Nhân dân trên địa bàn để thực hiện thắng lợi các mục tiêu, nhiệm vụ năm 2025 nhiệm kỳ 2021-2025 của tỉnh, đóng góp vào thành tựu chung của cả nước và thi đua lập thành tích chào mừng Đại hội Đảng toàn quốc lần thứ XIV.
Đổi mới mô hình phát triển dựa vào khoa học công nghệ, đổi mới sáng tạo và chuyển đổi số
Thủ tướng Chính phủ đề nghị Thường trực Tỉnh uỷ tập trung lãnh đạo, chỉ đạo, tập trung thực hiện các nhiệm vụ, giải pháp trên các lĩnh vực trong 02 tháng cuối năm 2025 và những tháng đầu năm 2026 theo tinh thần chỉ đạo của Thủ tướng Chính phủ tại Hội nghị trực tuyến Chính phủ với các địa phương ngày 07/11/2025; trong đó lưu ý một số nội dung trọng tâm sau:
Đổi mới tư duy, tầm nhìn phát triển, khai thác tối đa nguồn lực bên trong, đặc biệt là phát huy truyền thống lịch sử, văn hóa; hình thành các vùng động lực làm đầu tàu phát triển; đổi mới mô hình phát triển dựa vào khoa học công nghệ, đổi mới sáng tạo và chuyển đổi số; xây dựng kinh tế xanh, kinh tế số, kinh tế tuần hoàn, kinh tế sáng tạo, kinh tế chia sẻ, tạo bứt phá về năng suất, chất lượng, hiệu quả và khả năng cạnh tranh; nâng cao hiệu quả liên kết kinh tế, khai thác tốt lợi thế, vai trò kết nối vùng, kết nối quốc tế; tham gia sâu các chuỗi cung ứng, chuỗi giá trị.
Đẩy mạnh đột phá phát triển kết cấu hạ tầng chiến lược (giao thông, đô thị, y tế, giáo dục, xã hội...); đẩy mạnh hợp tác công tư, khơi thông các nguồn lực; hỗ trợ phát triển doanh nghiệp, hình thành các doanh nghiệp lớn, nâng cao năng lực cho doanh nghiệp nhỏ và vừa; phát triển hệ sinh thái khởi nghiệp đổi mới sáng tạo; tạo môi trường thuận lợi thu hút đầu tư.
Chú trọng đầu tư phát triển giáo dục, đào tạo nhân lực chất lượng cao; đầu tư phát triển con người; đảm bảo an sinh xã hội; thu hẹp khoảng cách phát triển giữa các khu vực; phát triển nhà ở xã hội; đẩy mạnh cải cách thủ tục hành chính, nâng cao năng lực cạnh tranh; cải thiện môi trường đầu tư. Thúc đẩy nhanh chuyển đổi số, xây dựng chính quyền số, phát triển kinh tế số, xã hội số.
Chú trọng bảo vệ môi trường, phát triển bền vững, tăng trưởng xanh, kinh tế tuần hoàn, thích ứng biến đổi khí hậu; chăm lo đời sống vật chất, tinh thần của Nhân dân, nhất là đồng bào dân tộc thiểu số, vùng sâu, vùng xa, vùng biên giới; chú trọng xây dựng Đảng; bảo đảm quốc phòng, an ninh; tăng cường phòng, chống tham nhũng, lãng phí, tiêu cực.
Thống nhất kế hoạch mở rộng giai đoạn 2 của nhà máy lọc hóa dầu Nghi Sơn, báo cáo Thủ tướng trong tháng 12/2025
Về dự án đầu tư xây dựng công trình nạo vét luồng tàu vào khu bến cảng Nghi Sơn tại Khu kinh tế Nghi Sơn, Thủ tướng yêu cầu Bộ Xây dựng khẩn trương rà soát, sớm bàn giao trong năm 2025 dự án đầu tư xây dựng công trình nạo vét luồng tàu vào khu bến cảng Nghi Sơn tại Khu kinh tế Nghi Sơn cho tỉnh Thanh Hóa làm cơ quan chủ quản hoặc cơ quan có thẩm quyền để triển khai Dự án theo quy định, báo cáo Thủ tướng Chính phủ kết quả thực hiện trước ngày 31/12/2025.
Về mở rộng dự án giai đoạn 2 của Nhà máy lọc hóa dầu Nghi Sơn, giao Tập đoàn Công nghiệp - Năng lượng Quốc gia Việt Nam làm việc cụ thể với công ty TNHH Lọc hóa dầu Nghi Sơn, các nhà đầu tư để thống nhất về kế hoạch mở rộng giai đoạn 2 của nhà máy, báo cáo Thủ tướng Chính phủ trong tháng 12/2025.
Về chủ trương đầu tư tuyến đường giao thông kết nối liên vùng từ đường Hồ Chí Minh, tỉnh Thanh Hóa đến quốc lộ 6 và đường cao tốc CT.03 tỉnh Phú Thọ, đoạn qua tỉnh Thanh Hóa, Ủy ban nhân dân tỉnh Thanh Hóa khẩn trương báo cáo Thủ tướng Chính phủ về việc chuẩn bị đầu tư tuyến đường kết nối, đoạn trên địa bàn tỉnh Thanh Hóa trước ngày 01/12/2025.
Về hoạt động của mô hình chính quyền địa phương 02 cấp, tăng số lượng cấp phó tại các phòng chuyên môn của cấp xã từ 2 lên 3 phó trưởng phòng, bố trí đủ biên chế theo vị trí việc làm, Thủ tướng giao Bộ Nội vụ chủ trì, phối hợp với các cơ quan liên quan nghiên cứu, tổng hợp, báo cáo Chính phủ trước ngày 30/11/2025.
Về triển khai hạ tầng để phủ sóng 19 thôn, bản khu vực miền núi lõm sóng điện thoại, đường truyền Internet yếu, đề nghị các Tập đoàn: Bưu chính Viễn thông Việt Nam, Công nghiệp - Viễn thông Quân đội tổ chức triển khai thực hiện theo quy định, hoàn thành trong tháng 12/2025; Bộ Khoa học và Công nghệ hướng dẫn các Tập đoàn nêu trên trong việc triển khai thực hiện nhiệm vụ được Thủ tướng Chính phủ giao. /."
https://cafef.vn/ky-luc-kho-tin-cua-nen-kinh-te-viet-nam-188251123151649211.chn,Kỷ lục khó tin của nền kinh tế Việt Nam,Con số này còn tiếp tục tăng.,"Theo số liệu thống kê của Cục Hải quan, tính đến hết ngày 15/11,tổng kim ngạch xuất nhập khẩu cả nước đạt hơn 801 tỷ USD.Trong đó, xuất khẩu đạt 410,28 tỷ USD, nhập khẩu đạt 390,74 tỷ USD. Cán cân thương mại thặng dư 19,54 tỷ USD. Mức này tăng 17,2%, tương ứng tăng 119,54 tỷ USD so với cùng kỳ năm 2024.
Điều đáng nói làcon số này đã vượt toàn bộ kết quả đạt được của năm 2024 (786,29 tỷ USD), trở thành mức cao nhất từ trước tới nay trong kim ngạch xuất nhập khẩu của Việt Nam.
Trị giá xuất khẩu của một số nhóm hàng lớn lũy kế từ từ 1/1/2025 - 15/11/2025 và cùng kỳ năm 2024.
Theo Cục Hải quan, xuất khẩu của Việt Nam đang tăng trưởng nhờ ba động lực chính. Trước hết, nhóm ngành công nghiệp chế biến - chế tạo tiếp tục đóng vai trò đầu tàu, đặc biệt là các mặt hàng điện tử, điện thoại, máy móc và linh kiện. Đây vẫn là nhóm chiếm tỷ trọng lớn nhất trong cơ cấu xuất khẩu và được hưởng lợi rõ rệt từ làn sóng dịch chuyển chuỗi cung ứng toàn cầu về Việt Nam.
Bên cạnh đó, doanh nghiệp trong nước đã khai thác hiệu quả các hiệp định thương mại tự do (FTA) đang có hiệu lực, nhất là với các thị trường lớn như châu Âu, Nhật Bản, Hàn Quốc và ASEAN. Nhờ vậy, hàng Việt Nam giữ được thị phần, dù môi trường cạnh tranh quốc tế ngày càng khốc liệt.
Cùng với xuất khẩu, nhu cầu nhập khẩu nguyên liệu phục vụ sản xuất cũng tăng lên, phản ánh sự mở rộng về quy mô và năng lực sản xuất trong nước. Điều này được xem là tín hiệu tích cực, tạo thêm xung lực cho hoạt động xuất khẩu trong những tháng cuối năm.
Trị giá nhập khẩu của một số nhóm hàng lớn lũy kế từ 1/1/2025 - 15/11/2025 và cùng kỳ năm 2024
Cơ quan Hải quan đánh giá, đà tăng của nhập khẩu tư liệu sản xuất đang là tín hiệu rất tích cực cho triển vọng xuất khẩu trong thời gian tới. Diễn biến này cho thấy các doanh nghiệp trong nước đã bắt đầu bước vào chu kỳ đầu tư và chuẩn bị nguyên vật liệu, máy móc để phục vụ sản xuất mới.
Đáng chú ý, nhiều doanh nghiệp xuất khẩu đã khởi động sớm kế hoạch sản xuất cho các đơn hàng của năm 2026, dù mới bước sang quý IV/2025. Việc chuẩn bị trước chu kỳ sản xuất – kinh doanh này được xem là yếu tố quan trọng giúp duy trì nhịp tăng trưởng xuất khẩu, đồng thời củng cố năng lực đáp ứng đơn hàng trong bối cảnh nhu cầu toàn cầu tiếp tục có dấu hiệu phục hồi.

Dựa trên đà tăng trưởng hiện tại, nếu kim ngạch xuất nhập khẩu của Việt Nam tiếp tục duy trì mức khoảng 80 tỷ USD mỗi tháng trong hai tháng cuối năm, tổng giá trị thương mại cả năm có thể vượt mốc 920 tỷ USD.
Trong trường hợp đơn hàng giảm nhẹ xuống dưới mức này, xuất nhập khẩu của Việt Nam vẫn được dự báo cán đích ở ngưỡng cao, khoảng 915 – 917 tỷ USD. Với kết quả này, cán cân thương mại của nước ta nhiều khả năng tiếp tục giữ vững trạng thái xuất siêu năm thứ 10 liên tiếp.
Trước đó, tại Hội nghị trực tuyến Chính phủ với các địa phương hồi đầu tháng 10, Bộ trưởng Bộ Công Thương Nguyễn Hồng Diên nhận định rằng nếu không phát sinh biến động lớn, tổng kim ngạch xuất nhập khẩu của Việt Nam trong năm nay có thể thiết lập mức kỷ lục mới, vượt mốc 900 tỷ USD. Cán cân thương mại dự kiến tiếp tục duy trì xuất siêu, với mức ước tính hơn 20 tỷ USD."
https://cafef.vn/ky-tich-viet-nam-cau-vuot-song-bong-cao-them-108-m-chinh-thuc-thong-xe-tro-lai-hom-nay-188251123154238581.chn,"Kỳ tích Việt Nam - Cầu vượt sông bỗng cao thêm 1,08 m, chính thức thông xe trở lại hôm nay","Cầu vượt sông đã đưa vào sử dụng bỗng cao thêm 1,08 m bằng công nghệ có 1-0-2, thể hiện năng lực của kỹ sư Việt Nam.","Sáng 23-11, Trung tâm Quản lý hạ tầng giao thông đường bộ (Sở Xây dựng TPHCM) đã tổ chức lễ thông xe cầu Bình Triệu 1 sau khi hoàn thành dự án nâng tĩnh không – hạng mục quan trọng được kỳ vọng giải quyết tình trạng ùn ứ tại cửa ngõ Đông Bắc và khơi thông vận tải thủy trên sông Sài Gòn.
Dự án nâng tĩnh không cầu Bình Triệu 1 được khởi công ngày 26-8. Chỉ hơn một tháng sau, ngày 30-9, phần kết cấu chính đã được kích nâng thêm 1,08 m, đạt tĩnh không 7 m, đảm bảo cho tàu 2.000 – 3.000 tấn lưu thông an toàn.
Hình ảnh cầu Bình Triệu 1 sáng nay. Ảnh: Báo NLĐ
Ảnh: Báo NLĐ
Trước đây, cầu Bình Triệu 1 và cầu Bình Phước 1 (xây dựng trước năm 1975) chỉ đạt tĩnh không 5,5 – 6 m, không đáp ứng quy hoạch và cản trở nghiêm trọng vận tải thủy trên tuyến sông Sài Gòn.
Dự án nâng tĩnh không cầu Bình Triệu 1 có tổng mức đầu tư 133 tỉ đồng, chiều dài tuyến hơn 770 m. Song song đó, dự án nâng tĩnh không cầu Bình Phước 1 có kinh phí 110 tỉ đồng, nâng cao thêm 1,25 m. Cả hai công trình sử dụng công nghệ kích nâng thủy lực hiện đại, giúp đảm bảo vừa thi công vừa duy trì lưu thông.
Phát biểu tại lễ thông xe, ông Trần Quang Lâm, Giám đốc Sở Xây dựng TPHCM, cho biết quá trình nghiên cứu dự án từng xem xét phương án xây cầu mới với tổng mức đầu tư khoảng 1.000 tỉ đồng. Tuy nhiên, đây là trục giao thông có lưu lượng phương tiện rất lớn, nên việc đóng cầu thi công mới sẽ gây ảnh hưởng nghiêm trọng.
Vì vậy, TP.HCM lựa chọn phương án nâng cấp thay vì xây mới, với chi phí chỉ hơn 100 tỉ đồng nhưng vẫn đảm bảo:

Theo ông Lâm, trong 9 tháng triển khai, giao thông chỉ bị hạn chế ô tô trong khoảng ba tháng, còn lại các phương tiện vẫn lưu thông bình thường.
Mặc dù tổng vốn đầu tư không lớn, đây là giải pháp kỹ thuật lần đầu tiên được áp dụng tại Việt Nam. Công trình được đánh giá cao nhờ:

Dự án có sự tham gia phối hợp của các chuyên gia, nhà khoa học và các đơn vị giàu kinh nghiệm như nhà thầu Pháp Freyssinet, Viện Khoa học Công nghệ và nhiều tổ chức tư vấn, giám sát. Kết quả kiểm định cho thấy toàn bộ thông số kỹ thuật đều đạt chuẩn.
Giám đốc Sở Xây dựng cho biết khu vực cửa ngõ Đông Bắc hiện là điểm nghẽn giao thông nghiêm trọng, đặc biệt khi nhiều dự án lớn tại TP Thủ Đức và Bình Dương đang chờ hoàn thiện. Việc nâng tĩnh không cầu Bình Triệu 1 không chỉ giúp thông luồng vận tải thủy mà còn giảm áp lực giao thông đường bộ, góp phần cải thiện khả năng kết nối liên vùng.
Việc công trình hoàn thành, khôi phục lưu thông toàn tuyến được kỳ vọng tạo chuyển biến tích cực, đảm bảo giao thông thông suốt trong bối cảnh hạ tầng khu vực phía Đông đang tăng tốc đầu tư."
https://cafef.vn/145-chu-xe-may-o-to-co-bien-so-sau-nhanh-chong-nop-phat-nguoi-theo-nghi-dinh-168-188251123142334526.chn,"145 chủ xe máy, ô tô có biển số sau nhanh chóng nộp phạt nguội theo Nghị định 168","Theo như danh sách được Cục Cảnh sát Giao thông công bố, hai lỗi vi phạm phổ biến nhất là điều khiển xe mô tô không đội mũ bảo hiểm và xe mô tô không chấp hành hiệu lệnh đèn tín hiệu giao thông.","145 trường hợp vi phạm từ ngày 21/11 đến 22/11
Ngày 22/11, Cục Cảnh sát Giao thông đã công khai danh sách 145 trường hợp phương tiện vi phạm, được phát hiện qua camera AI từ ngày 21/11 đến ngày 22/11.
Cụ thể, từ 12 giờ ngày 21/11 đến 12 giờ ngày 22/11, camera AI tại km20 tuyến cao tốc Nội Bài - Lào Cai ghi nhận 16.266 phương tiện đi qua, với tốc độ trung bình 74km/h. Tại đây, lực lượng chức năng phát hiện 6 trường hợp không thắt dây đai an toàn.
Theo Cơ quan Công an, các trường hợp vi phạm này đều được thông tin tới chủ phương tiện để xử lý theo quy định.
Ngoài ra, qua trích xuất dữ liệu từ camera AI được thí điểm lắp đặt tại nội đô Hà Nội (nút giao phố Phạm Văn Bạch - Hoàng Quán Chi), đã tự động phát hiện 93 trường hợp người điều khiển xe mô tô, xe máy không đội mũ bảo hiểm. Đồng thời, lực lượng chức năng phát hiện 41 trường hợp không chấp hành hiệu lệnh đèn tín hiệu giao thông - vượt đèn đỏ.
Theo Cơ quan Công an, những trường hợp này đã được chuyển cho Công an TP. Hà Nội và các đơn vị chức năng để thực hiện thủ tục xử lý vi phạm.



Một số trường hợp vi phạm (Nguồn: Cục Cảnh sát Giao thông)
Xe máy không đội mũ bảo hiểm và vượt đèn đỏ bị phạt ra sao theo Nghị định 168?
Có thể thấy trong danh sách lần này do Cục Cảnh sát Giao thông công bố, hai lỗi vi phạm phổ biến nhất là điều khiển xe mô tô không đội mũ bảo hiểm và xe mô tô không chấp hành hiệu lệnh đèn tín hiệu giao thông.
Căn cứ điểm h và i, khoản 2, Điều 7 Nghị định 168/2024/NĐ-CP có hiệu lực từ 1/1/2025, người điều khiển xe mô tô, xe máy, các loại xe tương tự xe mô tô và các loại xe tương tự xe gắn máy thực hiện một trong các hành vi vi phạm sau đây sẽ bị phạt tiền từ 400.000 đồng đến 600.000 đồng:
h) Không đội ""mũ bảo hiểm cho người đi mô tô, xe máy"" hoặc đội ""mũ bảo hiểm cho người đi mô tô, xe máy"" không cài quai đúng quy cách khi điều khiển xe tham gia giao thông trên đường bộ;
i) Chở người ngồi trên xe không đội ""mũ bảo hiểm cho người đi mô tô, xe máy"" hoặc đội ""mũ bảo hiểm cho người đi mô tô, xe máy"" không cài quai đúng quy cách, trừ trường hợp chở người bệnh đi cấp cứu, trẻ em dưới 06 tuổi, áp giải người có hành vi vi phạm pháp luật;
Còn căn cứ điểm c, khoản 7, Điều 7 Nghị định 168, người điều khiển xe mô tô, xe gắn máy, các loại xe tương tự xe mô tô và các loại xe tương tự xe gắn máy không chấp hành hiệu lệnh của đèn tín hiệu giao thông sẽ bị phạt tiền từ 4 đến 6 triệu đồng. Bên cạnh đó, người vi phạm sẽ bị trừ 4 điểm giấy phép lái xe, theo điểm b, khoản 13, Điều 7.
Căn cứ điểm b, khoản 10, Điều 7 Nghị 168/2024/NĐ-CP, người điều khiển xe mô tô, xe gắn máy, các loại xe tương tự xe mô tô và các loại xe tương tự xe gắn máy không chấp hành hiệu lệnh của đèn tín hiệu, mà gây tai nạn giao thông sẽ bị phạt tiền từ 10 đến 14 triệu đồng. Đồng thời, người vi phạm sẽ bị trừ 10 điểm giấy phép lái xe.
Cách tra cứu phạt nguội ngay tại nhà
Bên cạnh đó, người dân cần lưu ý, để tra cứu phạt nguội ngay tại nhà, có thể truy cập vào trang web của Cục Cảnh sát Giao thông theo đường link sau đây https:www.csgt.vn/tra-cuu-phuong-tien-vi-phạm.html. Tại đây, người dân tiến hành nhập biển kiểm soát, loại phương tiện và mã bảo mật. Sau đó, người dân chọn ""Tra cứu"" để hệ thống trả kết quả phạt nguội.
Ngoài ra, người dân có thể tra cứu vi phạm phạt nguội thông qua ứng dụng VNeTraffic theo các bước sau:
Bước 1: Tải và cài đặt app VNeTraffic về điện thoại trên App Store/CH Play.
Bước 2: Đăng nhập tài khoản
Trường hợp chưa có tài khoản thì đăng ký tài khoản theo các bước sau:
Chọn đăng ký, sau đó quét mã QR bên góc trên cùng phải của thẻ CCCD. Người dân thực hiện kiểm tra thông tin, nhập số điện thoại và bấm ""Xác nhận"".
Sau đó hệ thống sẽ gửi mã OTP về điện thoại, người dân cần nhập mã OTP và thiết lập mật khẩu.
Bước 3: Để kiểm tra phạt nguội cá nhân chọn mục ""Tra cứu vi phạm"".
Bước 4: Nhập biển số xe cần tra cứu và nhấn ""Kiểm tra""."
https://cafef.vn/bo-tai-chinh-khan-truong-ho-tro-cac-dia-phuong-ung-pho-va-khac-phuc-hau-qua-mua-lu-188251123133440667.chn,Bộ Tài chính khẩn trương hỗ trợ các địa phương ứng phó và khắc phục hậu quả mưa lũ,"Trước tình hình mưa lũ diễn biến phức tạp tại nhiều tỉnh miền Trung, Bộ Tài chính đã chủ động triển khai đồng bộ các biện pháp ứng phó khẩn cấp.","Theo đó, Bộ đã trình Thủ tướng Chính phủ quyết định sử dụng nguồn dự phòng ngân sách trung ương để hỗ trợ khẩn cấp bằng tiền, đồng thời chỉ đạo hệ thống dự trữ nhà nước chuẩn bị lực lượng, phương tiện, vật tư, thiết bị và lương thực. Các Chi cục Dự trữ Nhà nước khu vực được yêu cầu phối hợp chặt chẽ với chính quyền địa phương và lực lượng chức năng nhằm kịp thời hỗ trợ người dân khắc phục hậu quả thiên tai.
Đối với hỗ trợ bằng tiền, Bộ Tài chính đã trình Thủ tướng Chính phủ xem xét cấp 1.310 tỷ đồng cho bốn địa phương bị ảnh hưởng nặng nề, gồm Đắk Lắk 380 tỷ đồng, Gia Lai 480 tỷ đồng, Khánh Hòa 250 tỷ đồng và Lâm Đồng 200 tỷ đồng.
Song song với hỗ trợ tài chính, Bộ Tài chính đã huy động lượng lớn hàng dự trữ quốc gia để phục vụ công tác cứu hộ, cứu nạn và đảm bảo an sinh cho người dân. Tại Khánh Hòa, Bộ đã xuất cấp 1 bộ xuồng cao tốc loại DT3, 6.000 phao tròn, 2.000 phao áo cứu sinh, 30 bè nhẹ cứu sinh, 3 bộ máy phát điện (02 bộ loại 30KVA và 01 bộ loại 50KVA), 2 bộ máy khoan phá bê tông, 3 bộ máy bơm nước chữa cháy và 3 bộ thiết bị phóng dây cứu hộ. Ngày 20/11/2025, Bộ tiếp tục giao Cục Dự trữ Nhà nước xuất cấp ngay 2.000 tấn gạo để hỗ trợ khẩn cấp cho người dân tỉnh này.
Tại Đắk Lắk, Bộ Tài chính đã xuất cấp 3.759 tấn gạo vào ngày 13 và 19/11/2025, cùng 5 bộ xuồng cao tốc (3 bộ loại DT3 và 2 bộ loại DT2), 2 bộ máy phát điện 50KVA, 12 bộ máy bơm nước chữa cháy, 4 bộ máy khoan phá bê tông, 380 bè nhẹ và 4.500 phao tròn cứu sinh.
Đối với tỉnh Gia Lai, ngày 20/11/2025, Bộ đã xuất cấp ngay 2.000 tấn gạo dự trữ quốc gia để hỗ trợ người dân vượt qua khó khăn do mưa lũ gây ra.
Bộ Tài chính cho biết sẽ tiếp tục theo dõi sát tình hình, phối hợp với các địa phương và Bộ Nông nghiệp và Phát triển nông thôn để kịp thời xuất cấp hàng dự trữ theo nhu cầu thực tế, đồng thời tham mưu báo cáo Thủ tướng sử dụng nguồn dự phòng ngân sách trung ương nhằm bảo đảm công tác khắc phục hậu quả thiên tai được tiến hành nhanh chóng và hiệu quả."
https://cafef.vn/toan-canh-cau-binh-trieu-1-sau-khi-duoc-than-den-nang-tinh-khong-188251123132921884.chn,Toàn cảnh cầu Bình Triệu 1 sau khi được 'thần đèn' nâng tĩnh không,"Sáng 23/11, Trung tâm Quản lý Hạ tầng giao thông đường bộ (Sở Xây dựng TPHCM) tổ chức lễ thông xe dự án nâng tĩnh không cầu Bình Triệu 1 trên quốc lộ 13. Công trình hoàn thành sớm hơn một tháng so với kế hoạch, góp phần giải quyết tình trạng ùn ứ ở cửa ngõ phía Đông Bắc thành phố.","Toàn cảnh cầu Bình Triệu 1 (bên phải) sau khi hoàn thành nâng tĩnh không.
Phát biểu tại buổi lễ, đại diện chủ đầu tư dự án - ông Nguyễn Xuân Vinh - Giám đốc Trung tâm Quản lý Hạ tầng giao thông đường bộ (Sở Xây dựng TPHCM) - cho biết cầu Bình Triệu 1 được xây dựng từ trước năm 1975, sửa chữa mở rộng năm 2010 nhưng tĩnh không chỉ đạt 5,5 m, không đáp ứng nhu cầu giao thông thủy theo quy hoạch mới. Việc     nâng tĩnh không    là yêu cầu cấp thiết nhằm đảm bảo an toàn hàng hải, tăng khả năng thông thuyền và phục vụ phát triển kinh tế - xã hội khu vực Đông Nam bộ.



Cầu Bình Triệu 1 sau khi nâng tĩnh không lên khoảng 1m.
Theo quy hoạch cảng và luồng sông Sài Gòn, các tuyến vận tải thủy qua khu vực này phải đảm bảo tĩnh không tối thiểu 7 m, phục vụ tàu từ 2.000 - 3.000 tấn. “Chính vì vậy, dự án nâng tĩnh không cầu Bình Triệu 1 được phê duyệt với mục tiêu đáp ứng chuẩn kỹ thuật mới, đồng thời hạn chế tối đa ảnh hưởng đến giao thông cửa ngõ phía Bắc thành phố”- ông Vinh nói.
Các đại biểu thực hiện nghi thức thông xe dự án nâng tĩnh không cầu Bình Triệu 1.
Ông Nguyễn Xuân Vinh cho biết, trong quá trình nghiên cứu, các cơ quan liên quan đã xem xét nhiều phương án, trong đó có phương án xây mới cầu Bình Triệu 1 với tổng mức đầu tư khoảng 1.000 tỷ đồng. Tuy nhiên, phương án nâng kích cầu được chọn vì chi phí chỉ hơn 100 tỷ đồng nhưng vẫn đạt mục tiêu kỹ thuật, đồng thời duy trì lưu thông trên trục cửa ngõ quan trọng này.
“Đây là giải pháp kỹ thuật lần đầu tiên được áp dụng tại Việt Nam. Dù tổng mức đầu tư không lớn nhưng hiệu quả mang lại rất cao, vừa tiết kiệm ngân sách, vừa đảm bảo an toàn thi công, vừa hạn chế tối đa ảnh hưởng đến người dân”- ông Vinh nhấn mạnh.
Sau khi nâng tĩnh không, cầu Bình Triệu 1 (bên phải) đã có chiều cao tương đương với cầu Bình Triệu 2 nằm ở kế bên.
Chia sẻ thêm về dự án này, ông Trần Quang Lâm - Giám đốc Sở Xây dựng TPHCM cho biết trong quá trình nghiên cứu, thành phố đã cân nhắc nhiều phương án để nâng tĩnh không cầu, trong đó có cả việc xây mới hoàn toàn. Tuy nhiên, sau khi phân tích kỹ lưỡng về kỹ thuật và giao thông, thành phố chọn phương án nâng kết cấu cầu hiện hữu nhằm tối ưu chi phí và hạn chế ảnh hưởng đến người dân.
“Phương án làm mới cầu có tổng mức đầu tư lên đến khoảng 1.000 tỷ đồng, trong khi phương án     nâng tĩnh không    chỉ hơn 100 tỷ nhưng vẫn đạt mục tiêu tăng khả năng chịu lực, tăng tuổi thọ và đảm bảo giao thông thông suốt. Đây là giải pháp tối ưu nhất”- ông Lâm nhấn mạnh.
Ông cho biết thêm: “Trong suốt 9 tháng thi công, giao thông chỉ hạn chế ô tô khoảng 3 tháng, còn lại vẫn lưu thông bình thường. Hôm nay, chúng ta khôi phục hoàn toàn lưu thông như trước đây”.
Không chỉ tối ưu chi phí và tiến độ, dự án còn được đánh giá là công trình mang tính tiên phong về kỹ thuật. Đây là lần đầu tiên TPHCM áp dụng giải pháp nâng kết cấu cầu bằng hệ thống kích thủy lực hiện đại, độ chính xác cao. Giải pháp này nhận được đánh giá cao từ các chuyên gia của Bộ Xây dựng.
Ông Trần Quang Lâm - Giám đốc Sở Xây dựng TPHCM.
“Dù tổng mức đầu tư không lớn, nhưng đây là giải pháp kỹ thuật mới, lần đầu tiên áp dụng ở Việt Nam. Công trình thể hiện tinh thần ‘dám nghĩ – biết làm’: mạnh dạn chọn giải pháp mới, thi công an toàn, khoa học, tiết kiệm ngân sách và ảnh hưởng ít nhất đến người dân”- Giám đốc Sở Xây dựng TPHCM nói và cho biết, trong quá trình triển khai, dự án nhận được sự tham gia của nhiều chuyên gia đầu ngành trong lĩnh vực cầu đường. Thành phố đã tham vấn các nhà khoa học như GS.TS Trần Xuân Tùng và thầy Nguyễn Văn Nhậm - những người được xem là “cây đại thụ” trong lĩnh vực kết cấu cầu.
Công tác thi công được thực hiện bởi các đơn vị có kinh nghiệm quốc tế, trong đó có nhà thầu Freyssinet (Pháp) – doanh nghiệp nổi tiếng chuyên xử lý các công trình cầu phức tạp. Vai trò tư vấn giám sát do Viện Khoa học và Công nghệ Giao thông vận tải đảm trách, còn công tác quản lý dự án do Công ty 620 phối hợp thực hiện.
Cầu Bình Triệu 1 trước giờ cho xe ô tô lưu thông trở lại.
Theo ông Lâm, kết quả thử tải sau thi công cho thấy toàn bộ thông số kỹ thuật đều đạt yêu cầu như thiết kế, đảm bảo chất lượng và độ an toàn khai thác. “Công trình rút ngắn tiến độ hơn một tháng và kết quả kiểm định đều đạt yêu cầu. Điều đó cho thấy sự nỗ lực rất lớn của các lực lượng tham gia”- ông nói.
Cầu Bình Triệu 1 hoàn thành nâng tĩnh không, khôi phục lưu thông ô tô, góp phần giảm tình trạng ùn tắc ở khu vực.


Sau khi hoàn thành dự án nâng tĩnh không, cầu Bình Triệu 1 sẽ tổ chức lưu thông một chiều các loại xe theo hướng từ phường Bình Thạnh đến phường Hiệp Bình; cầu Bình Triệu 2 sẽ tổ chức lưu thông một chiều các loại xe theo hướng từ phường Hiệp Bình đến phường Bình Thạnh.
Lãnh đạo Sở Xây dựng TPHCM cho biết thêm, tại trục cửa ngõ này, nhu cầu giao thông ngày càng tăng do kết nối giữa TPHCM với Bình Dương và các tỉnh phía Đông Bắc. Trong thời gian tới, thành phố sẽ tiếp tục triển khai thêm các dự án lớn để giải quyết ùn tắc và tăng năng lực kết nối.
Theo đó, TPHCM đang nghiên cứu xây dựng thêm một cầu Bình Triệu 3, mở rộng đường Ung Văn Khiêm - Đinh Bộ Lĩnh, đồng thời chuẩn bị triển khai đường trên cao từ Bình Triệu đi qua cầu Bình Lợi hướng về Bình Dương. Thành phố cũng phối hợp với Tập đoàn Masterise nghiên cứu tuyến đường sắt đô thị số 3, kết nối từ Hiệp Bình Phước về Bến Thành và Tân Sơn Nhất, tạo thành mạng lưới vận tải khối lượng lớn cho khu vực."
https://cafef.vn/choang-ngop-dai-cong-trinh-18-ty-usd-cua-vingroup-o-tinh-mien-bac-tro-thanh-du-an-khung-nhat-lich-su-18825112314020153.chn,"Choáng ngợp đại công trình 18 tỷ USD của Vingroup ở tỉnh miền Bắc, trở thành dự án ""khủng"" nhất lịch sử",Đại dự án này vừa đón nhận tin vui cực lớn.,"Phó Chủ tịch UBND tỉnh Quảng Ninh Lê Văn Ánh mới đây đã có buổi làm việc với phường Hà An để kiểm tra thực địa và đôn đốc tiến độ giải phóng mặt bằng Dự án Khu đô thị phức hợp Hạ Long Xanh – một trong những dự án có quy mô vốn lớn nhất trong lịch sử Tập đoàn Vingroup.
Theo báo cáo của phường Hà An, tổng diện tích thu hồi đất thuộc phạm vi dự án trên địa bàn là 3.186 ha, ảnh hưởng đến 1.818 hộ dân và 10 tổ chức.
Ông Lê Văn Ánh, Phó Chủ tịch UBND tỉnh Quảng Ninh, làm việc với phường Hà An về tiến độ giải phóng mặt bằng Dự án Khu đô thị phức hợp Hạ Long Xanh. Ảnh: Báo Quảng Ninh
Đến nay, công tác hồ sơ đã được triển khai quyết liệt:
86 hồ sơ đã thẩm định;
9 hồ sơ đã phê duyệt;
101 hồ sơ đã niêm yết công khai;
12 phương án phục vụ giao đất đã được phê duyệt;
50 trường hợp đã hoàn thiện hồ sơ theo đề nghị chủ đầu tư.
Đặc biệt, phường Hà An đã vận động thành công 11 hộ dân và 3 tổ chức, bàn giao thêm 343 ha đất. Trong 22 hộ tồn đọng được chuyển từ thị xã Quảng Yên về, 12 hộ đã đồng ý bàn giao với diện tích 60,77 ha.
Tổng cộng, 80,76% diện tích cần thu hồi cho dự án đã được giải phóng và bàn giao cho chủ đầu tư — một con số được đánh giá là rất tích cực đối với dự án có quy mô lớn và phức tạp như Hạ Long Xanh.
Ghi nhận nỗ lực của địa phương, lãnh đạo tỉnh Quảng Ninh đánh giá cao tinh thần trách nhiệm của phường Hà An trong công tác giải phóng mặt bằng. Tuy nhiên, tỉnh yêu cầu địa phương tiếp tục giữ vững quyết tâm, phối hợp chặt chẽ với các cơ quan liên quan để:
Hoàn thành toàn bộ công tác giải phóng mặt bằng trong tháng 1/2026;
Đảm bảo điều kiện giao đất cho nhà đầu tư ngay trong tháng 11/2025.
Đây là những mốc quan trọng để dự án có thể triển khai đồng bộ, đáp ứng các mục tiêu phát triển đô thị chiến lược của tỉnh.
Ảnh minh họa Dự án Hạ Long Xanh trong tương lai bằng AI ChatGPT (chỉ mang tính chất giả định, không phải hình ảnh chính thức).
Phía Tập đoàn Vingroup — chủ đầu tư của dự án — được yêu cầu khẩn trương lập hồ sơ đối với toàn bộ diện tích đã có mặt bằng sạch, chuẩn bị các bước thi công theo đúng tiến độ đã cam kết.
Hạ Long Xanh được kỳ vọng là đại đô thị sinh thái tầm cỡ quốc tế, góp phần định hình diện mạo đô thị mới của Quảng Ninh, đồng thời tạo động lực phát triển kinh tế – xã hội mạnh mẽ cho khu vực Quảng Yên – Hạ Long.
Tập đoàn Vingroup trước đó đã phê duyệt việc điều chỉnh một số thông tin dự án Khu đô thị phức hợp Hạ Long Xanh tại tỉnh Quảng Ninh, nhằm phù hợp với tình hình thực tế và yêu cầu của dự án.
Đáng chú ý, tổng mức đầu tư được nâng lên hơn 456.600 tỷ đồng (tương đương gần 18 tỷ USD), cao gần gấp đôi so với con số hơn 232.000 tỷ đồng được tập đoàn công bố năm 2020. Đây cũng là dự án có vốn đầu tư lớn nhất trong lịch sử tập đoàn này tính đến nay.
Dự án Hạ Long Xanh được khởi công tháng 10/2021, với thời gian triển khai dự kiến trong 10 năm. Toàn bộ hệ thống hạ tầng kỹ thuật, công trình nhà ở và thương mại, dịch vụ thuộc phân khu Hạ Long do CTCP Phát triển và Đầu tư Xây dựng Vincons (công ty con của Vingroup) đảm nhiệm thi công.

Vị trí dự án được đánh giá có giá trị đặc biệt khi phía Bắc giáp cao tốc Hạ Long – Hải Phòng, phía Đông và Nam giáp sông Hốt và vịnh Hạ Long, còn phía Tây giáp sông Chanh. Tại khu vực này, Tập đoàn Vingroup cũng đang đề xuất xây dựng tuyến đường sắt tốc độ cao Hà Nội - Hạ Long 350 km/h.
Việc đưa đường sắt tốc độ cao Hà Nội – Hạ Long vào quy hoạch không chỉ tạo đột phá về hạ tầng giao thông cho tuyến Quảng Ninh - Hà Nội, mà còn được xem là yếu tố “cộng hưởng giá trị” trực tiếp cho siêu đô thị Hạ Long Xanh – dự án có vốn đầu tư lớn nhất lịch sử Vingroup.
Khi thời gian di chuyển từ Hà Nội đến Hạ Long rút xuống chỉ còn khoảng nửa giờ với đoàn tàu tốc độ cao, Quảng Ninh bước vào quỹ đạo phát triển mới: từ “đô thị du lịch theo điểm đến” thành “không gian cư trú mở rộng” của cư dân Thủ đô.
Ảnh minh họa Dự án Hạ Long Xanh trong tương lai bằng AI ChatGPT (chỉ mang tính chất giả định, không phải hình ảnh chính thức).
Khả năng kết nối tốc độ cao cũng giúp Hạ Long Xanh không chỉ là điểm du lịch cuối tuần, mà thu hút lớp cư dân tri thức – kinh tế mới: chuyên gia, nhà đầu tư, nhóm lao động chất lượng cao vốn trước đây bị giới hạn bởi khoảng cách di chuyển.
Tuyến đường sắt tốc độ cao tạo ra một “hành lang đồng nhất” giữa Hà Nội – Hải Phòng – Quảng Ninh, trong đó Hạ Long trở thành cực dịch vụ – an cư then chốt, bổ trợ cho vai trò công nghiệp – logistics của Hải Phòng và vai trò trung tâm chính trị – quản trị của Hà Nội.
Vì thế, tuyến đường sắt 350 km/h sẽ giúp Quảng Ninh xây dựng mô hình đô thị ven biển gắn với trung tâm quyền lực – tài chính Hà Nội theo cấu trúc “hai cực vận hành”: làm việc ở Thủ đô – cư trú tại siêu đô thị biển.

"
https://cafef.vn/thu-ngan-sach-tu-xuat-nhap-khau-gan-380000-ty-dong-188251123133042337.chn,Thu ngân sách từ xuất nhập khẩu gần 380.000 tỷ đồng,"Theo Cục Hải quan, tính đến hết tháng 10, thu ngân sách từ hoạt động xuất nhập khẩu đạt gần 380.000 tỷ đồng, tăng gần 32.400 tỷ đồng so với cùng kỳ năm trước, trong đó động lực đến từ việc nhập khẩu một số mặt hàng tăng mạnh.","Cục Hải quan cho biết, tổng kim ngạch xuất nhập khẩu cả nước tính đến hết tháng 10 đạt 761,4 tỷ USD, tăng 17,5% tương ứng tăng 113,2 tỷ USD so với cùng kỳ năm trước. Trong đó, xuất khẩu đạt 390,1 tỷ USD, tăng 16,3% và nhập khẩu đạt 371,3 tỷ USD, tăng 18,7%. Đáng chú ý,     kim ngạch xuất khẩu chịu thuế    đạt gần 133 tỷ USD, tăng 5,9 tỷ USD so với cùng kỳ năm trước, tạo nền tảng trực tiếp cho tăng thu ngân sách.
Trong bức tranh đó, nhập khẩu chịu thuế chính là nhân tố then chốt thúc đẩy nguồn thu. Các doanh nghiệp tăng nhập khẩu nguyên liệu, máy móc, thiết bị và phụ tùng phục vụ sản xuất, chiếm gần một nửa tổng kim ngạch nhập khẩu chịu thuế, giúp ngân sách tăng thêm khoảng 17.240 tỷ đồng.
Thị trường ô tô nguyên chiếc tiếp tục sôi động, ghi nhận mức tăng 20,1% về lượng và 30,2% về trị giá, đóng góp 10.589 tỷ đồng vào thu ngân sách. Phân bón cũng là nhóm hàng tạo dấu ấn đặc biệt khi tăng khoảng 140%về trị giá, mang lại 1.216 tỷ đồng cho ngân sách. Ngoài ra, thuế giá trị gia tăng (GTGT) phát sinh từ hàng trị giá nhỏ, nhu cầu tiêu dùng và sản xuất mở rộng, đưa về thêm 1.258 tỷ đồng.
Nhập khẩu máy móc, thiết bị và phụ tùng phục vụ sản xuất tăng mạnh giúp thu ngân sách tăng 17.240 tỷ đồng.
Bên cạnh đó, thủy sản chế biến, hàng tiêu dùng, linh kiện điện tử, điện gia dụng và các mặt hàng phục vụ sản xuất trong lĩnh vực dệt may - da giày cũng ghi nhận mức tăng nhập khẩu và đóng góp đáng kể vào nguồn thu. Kim ngạch xuất khẩu chịu thuế đạt 5,7 tỷ USD, giảm 7,5%, nhưng sự tăng trưởng mạnh từ khối nhập khẩu chịu thuế đã bù đắp và giúp ngân sách tăng thêm hơn 32.383 tỷ đồng.
Điều đáng nói là sự tăng thu này diễn ra cùng lúc với việc cơ quan hải quan triển khai chính sách hỗ trợ doanh nghiệp trên diện rộng. Việc giảm thuế giá trị gia tăng giúp doanh nghiệp tiết kiệm 28.200 tỷ đồng, và các quy định khác tiếp tục giảm 1.783 tỷ đồng thuế xuất nhập khẩu.
Bước vào chặng nước rút cuối năm, để đảm bảo nguồn thu ngân sách, Cục Hải quan cho biết sẽ tăng cường công tác kiểm soát rủi ro, kiểm tra sau thông quan, đấu tranh chống gian lận xuất xứ, trị giá, mã số và chống chuyển tải bất hợp pháp tiếp tục siết chặt, nhằm bảo đảm môi trường thương mại minh bạch và công bằng.
Ở cấp địa phương, các chi cục hải quan được yêu cầu theo sát biến động xuất nhập khẩu của từng thị trường, từng nhóm hàng, đánh giá các tác động kinh tế - địa chính trị để xây dựng kịch bản điều hành phù hợp. Cùng với đó là nhiệm vụ quyết liệt thu hồi nợ đọng thuế, xử lý vi phạm, thực hiện nghiêm kết luận của cơ quan thanh tra, kiểm toán. Với đà tăng trưởng hiện tại, kỳ vọng thu ngân sách từ xuất nhập khẩu năm nay có thể vượt dự toán 411.000 tỷ đồng."
https://cafef.vn/sputnik-gdp-viet-nam-cao-gap-gan-7-lan-thai-lan-bo-xa-nhieu-nuoc-lang-gieng-188251123140015014.chn,"Sputnik: GDP Việt Nam cao gấp gần 7 lần Thái Lan, bỏ xa nhiều nước láng giềng",Hãng tin Sputnik vừa có bài viết nhận định tăng trưởng GDP của Việt Nam trong quý III/2025 không chỉ đứng đầu Đông Nam Á mà còn bỏ xa phần lớn các nền kinh tế lớn trong khu vực.,"Ảnh: Getty Images
Theo Sputnik, với mức tăng 8,23% so với cùng kỳ năm trước, Việt Nam dẫn đầu nhóm ASEAN-6 và đạt tốc độ tăng trưởng cao gấp gần 7 lần Thái Lan – quốc gia ghi nhận mức tăng chỉ 1,2% và đang đối mặt với đà suy giảm kéo dài.
Bức tranh khu vực cho thấy có tới bốn trong sáu nền kinh tế lớn nhất Đông Nam Á chứng kiến tăng trưởng chậm lại trong quý III.
Trong số hai quốc gia duy trì được xu hướng cải thiện là Việt Nam và Malaysia, Việt Nam vượt trội rõ rệt với tốc độ tăng trưởng nhanh nhất, khẳng định vai trò điểm sáng của mình trong bối cảnh nhiều nền kinh tế khu vực đang chịu sức ép từ thương mại toàn cầu suy yếu, đầu tư giảm tốc và tiêu dùng nội địa chững lại.
Cụ thể, trong quý III/2025, Việt Nam trở thành nền kinh tế có tốc độ tăng trưởng GDP cao nhất trong ASEAN-6, đạt 8,23% so với cùng kỳ năm trước.
Đây không chỉ là mức tăng nổi bật trong khu vực, mà còn là mức tăng theo quý cao thứ hai của Việt Nam trong toàn bộ giai đoạn 2011-2025, chỉ đứng sau mức tăng 14,38% của quý III/2022 – giai đoạn nền kinh tế bứt phá mạnh nhờ mở cửa hoàn toàn sau đại dịch.
Tính chung 9 tháng đầu năm, GDP Việt Nam tăng 7,85%, tiếp tục duy trì quỹ đạo tăng trưởng cao và chỉ thấp hơn mức 9,44% của năm 2022. Điều này phản ánh khả năng phục hồi bền vững, trong bối cảnh nhiều nền kinh tế khu vực đang đối mặt với đà giảm tốc đáng kể.
Tăng trưởng của Việt Nam trong quý III được nâng đỡ đồng bộ bởi cả ba khu vực. Nông, lâm nghiệp và thủy sản tăng 3,83%, cho thấy nền tảng cung ứng thực phẩm ổn định, ít chịu tác động từ biến động khí hậu và giá nông sản thế giới.
Công nghiệp và xây dựng tăng mạnh 8,69%, trở thành động lực tăng trưởng trọng yếu của nền kinh tế. Đáng chú ý, công nghiệp chế biến, chế tạo tăng gần 10%, tiếp tục là trụ cột trong bối cảnh xuất khẩu điện tử phục hồi và các nhà máy FDI gia tăng công suất.
Khu vực dịch vụ tăng 8,49%, đóng góp hơn một nửa vào mức tăng trưởng chung, phản ánh sự cải thiện rõ nét của tiêu dùng nội địa, thương mại, logistics và các ngành dịch vụ liên quan đến du lịch – vận tải. Khi cả ba khu vực cùng mở rộng, cấu trúc tăng trưởng của Việt Nam thể hiện tính cân bằng hiếm thấy so với các nền kinh tế còn phụ thuộc mạnh vào một hoặc hai động lực chính.
Chính nhờ kết quả tăng trưởng vượt kỳ vọng, niềm tin quốc tế dành cho Việt Nam ngày càng được củng cố. Hàng loạt tổ chức tài chính lớn như Standard Chartered, HSBC, UOB và ADB đồng loạt nâng dự báo tăng trưởng năm 2025 của Việt Nam từ 1 đến 1,5 điểm phần trăm. Standard Chartered nâng từ 6,1% lên 7,5%, HSBC điều chỉnh từ 6,6% lên 7,9%, UOB nâng từ 7,5% lên 7,7%, và ADB dự báo 6,7%.
Việc các định chế quốc tế đưa ra mức điều chỉnh mạnh trong bối cảnh kinh tế toàn cầu suy yếu, thương mại thế giới thu hẹp và các chu kỳ lãi suất chưa ổn định cho thấy họ đánh giá cao khả năng phục hồi nội tại của Việt Nam, đặc biệt là sức chống chịu của lĩnh vực sản xuất và tiêu dùng nội địa.
Trong bức tranh rộng hơn của ASEAN-6, sự phân hóa tăng trưởng diễn ra rất rõ rệt. Malaysia, quốc gia đứng sau Việt Nam, đạt mức tăng 5,2% trong quý III, vượt hầu hết dự báo thị trường.
Tăng trưởng của Malaysia chủ yếu dựa vào nhu cầu nội địa ổn định và thị trường lao động tích cực, trong khi xuất khẩu chỉ mới phục hồi nhẹ. Tuy vậy, triển vọng năm 2025 của Malaysia vẫn bị điều chỉnh thận trọng, chỉ khoảng 4–4,8%, do lo ngại về xu hướng giảm tốc của thương mại toàn cầu.
Indonesia duy trì đà tăng trưởng ổn định với mức 5,04%, nhỉnh hơn mức 4,95% quý II. Đây là kết quả của sự mở rộng sản xuất, cùng với chi tiêu chính phủ và xuất khẩu đều cải thiện. Trong 9 tháng đầu năm, tăng trưởng 5,01% phù hợp với mục tiêu 5% mà Jakarta đặt ra. So với các nước Đông Nam Á khác, Indonesia hưởng lợi từ quy mô thị trường lớn và sự phát triển của ngành chế biến khoáng sản, song tốc độ tăng trưởng vẫn chủ yếu xoay quanh ngưỡng 5% trong nhiều năm gần đây.
Ngược lại, Philippines chứng kiến tốc độ tăng trưởng giảm mạnh xuống còn 4%, thấp hơn nhiều dự báo và giảm sâu so với mức 5,5% quý trước. Đà giảm này phần lớn xuất phát từ việc tiêu dùng hộ gia đình suy yếu, đầu tư chậm lại và chi tiêu chính phủ giảm. Áp lực kinh tế mà Philippines đang đối mặt cho thấy nền kinh tế nước này phụ thuộc lớn vào tiêu dùng nội địa, khiến tăng trưởng dễ bị tổn thương khi lạm phát cao và chi phí sinh hoạt tăng.
Singapore cũng không tránh khỏi xu hướng giảm tốc toàn cầu. Tăng trưởng chỉ đạt 2,9% trong quý III, giảm so với 4,5% của quý II. Ngành sản xuất của quốc đảo chịu tác động mạnh từ các biện pháp thuế đối ứng của Mỹ và sự chững lại của thương mại toàn cầu. Tuy nhiên, nhờ lĩnh vực dịch vụ, bán lẻ và vận tải duy trì tăng trưởng ổn định, Singapore vẫn kiểm soát được đà suy giảm và tránh rơi vào tăng trưởng quá thấp.
Thái Lan là trường hợp yếu nhất trong ASEAN-6, với GDP chỉ tăng 1,2% – mức thấp nhất kể từ năm 2021. Hoạt động sản xuất hàng hóa giảm 1,6%, đánh dấu quý suy giảm đầu tiên sau sáu quý tăng liên tiếp, với sụt giảm mạnh ở các ngành ô tô, máy móc và sản phẩm cao su. Xuất khẩu hàng hóa và dịch vụ tăng 6,9%, nhưng vẫn thấp hơn nhiều so với mức 11,2% của quý II do tăng trưởng chậm ở máy tính và du lịch. NESDC dự báo tăng trưởng năm 2025 của Thái Lan chỉ đạt 2% và năm 2026 cũng chỉ dao động từ 1,2 đến 2,2%, phản ánh những khó khăn mang tính cấu trúc mà nền kinh tế chưa thể vượt qua.
Sputnik nhận định: Chính sự phân hóa mạnh trong quý III/2025 đã làm nổi bật vị thế của Việt Nam trong khu vực. Trong khi bốn nền kinh tế lớn là Singapore, Indonesia, Philippines và Thái Lan đều chậm lại và Thái Lan rơi vào vòng xoáy suy giảm rõ rệt, Việt Nam và Malaysia trở thành hai trường hợp hiếm hoi có tăng trưởng cải thiện.
Đáng chú ý hơn cả, mức tăng trưởng của Việt Nam cao gấp gần 7 lần Thái Lan và gần 3 lần Singapore, cho thấy Việt Nam đang nổi lên như nền kinh tế có sức bật mạnh nhất ASEAN-6 trong bối cảnh khu vực đang đối mặt nhiều rủi ro và biến động."
https://cafef.vn/thu-tuong-de-xuat-ba-dam-bao-chien-luoc-tai-hoi-nghi-g20-188251123093453766.chn,Thủ tướng đề xuất ‘ba đảm bảo chiến lược’ tại hội nghị G20,"Phát biểu tại Hội nghị thượng đỉnh G20 ở Johannesburg, Nam Phi, Thủ tướng Phạm Minh Chính đề xuất “ba bảo đảm chiến lược”, đề nghị G20 tăng cường hợp tác, đấu tranh không chính trị hoá khoa học và thương mại…","Sáng 22/11 tại thành phố Johannesburg, Tổng thống Nam Phi - Chủ tịch G20 năm 2025, chủ trì lễ đón các lãnh đạo cấp cao/trưởng đoàn các nước, các tổ chức quốc tế và chính thức khai mạc Hội nghị thượng đỉnh G20 năm 2025.
Hội nghị diễn ra từ ngày 22-23/11, với sự tham dự của lãnh đạo cấp cao các nước thành viên G20, 20 quốc gia khách mời cùng 21 lãnh đạo các tổ chức quốc tế và khu vực.
Toàn cảnh hội nghị. Ảnh: VGP
Trong ngày làm việc đầu tiên, Thủ tướng Phạm Minh Chính cùng các nhà lãnh đạo tham dự hai phiên thảo luận quan trọng với chủ đề: “Phát triển kinh tế bền vững và bao trùm – không để ai bị bỏ lại phía sau” và “Các đóng góp của G20 đối với một thế giới tự cường”.
Các nhà lãnh đạo tập trung trao đổi và thống nhất một số định hướng lớn về xây dựng nền kinh tế, vai trò của thương mại, tài chính cho phát triển và xử lý gánh nặng nợ, giảm thiểu rủi ro thiên tai và biến đổi khí hậu, chuyển đổi năng lượng công bằng, đảm bảo an ninh lương thực.
Các nhà lãnh đạo chia sẻ nhận định kinh tế toàn cầu đang đứng trước nhiều rủi ro và bất ổn, thể hiện qua tình trạng mất cân đối vĩ mô toàn cầu, xu thế bảo hộ thương mại gia tăng, nợ công leo thang và cơ hội tiếp cận nguồn vốn ngày càng thu hẹp. Những thách thức này, cộng với đà tăng trưởng chậm lại và căng thẳng địa chính trị kéo dài, tác động tiêu cực đến không gian phát triển của các quốc gia.
Trong bối cảnh đó, các nhà lãnh đạo nhấn mạnh yêu cầu tăng cường phối hợp chính sách tài khóa- tiền tệ - thương mại, giải quyết vấn đề mất cân đối vĩ mô và bất bình đẳng, củng cố niềm tin của thị trường, thúc đẩy kết nối khu vực và huy động mạnh mẽ hơn các nguồn lực đầu tư, qua đó bảo đảm ổn định kinh tế vĩ mô và thúc đẩy tăng trưởng toàn cầu theo hướng bao trùm, bền vững.
Các nhà lãnh đạo khẳng định thương mại quốc tế tiếp tục là động lực quan trọng của tăng trưởng, ủng hộ củng cố hệ thống thương mại đa phương, cải tổ WTO và hỗ trợ các doanh nghiệp nhỏ và vừa tham gia sâu vào chuỗi giá trị toàn cầu.
Các nhà lãnh đạo cũng kêu gọi đẩy mạnh cải cách hệ thống tài chính quốc tế, tăng cường minh bạch và tính bền vững của các khoản nợ và triển khai hiệu quả các cơ chế xử lý nợ như Khuôn khổ chung về xử lý nợ G20, gia tăng vai trò của các ngân hàng phát triển đa phương và huy động nguồn lực phục vụ xây dựng kết cấu hạ tầng, chuyển đổi năng lượng và các mục tiêu phát triển bền vững.
Hội nghị khẳng định yêu cầu cấp thiết nâng cao khả năng chống chịu thiên tai và ứng phó biến đổi khí hậu khi rủi ro ngày càng gia tăng, tác động lớn tới cuộc sống của người dân, hoạt động của nền kinh tế và nỗ lực thúc đẩy phát triển bền vững.
Các nhà lãnh đạo nhất trí tăng cường hợp tác quốc tế về quản lý rủi ro thiên tai, thiết lập hệ thống cảnh báo sớm, xây dựng hạ tầng chất lượng cao, bảo đảm an ninh nguồn nước - lương thực - y tế; tăng cường huy động nguồn lực cho chuyển đổi năng lượng xanh và nông nghiệp bền vững.
Thủ tướng Phạm Minh Chính phát biểu tại hội nghị. Ảnh: VGP
Đảm bảo ổn định để phát triển
Phát biểu tại hội nghị, Thủ tướng Phạm Minh Chính nhận định thế giới đang trải qua những thay đổi sâu sắc mang tính thời đại, nhiều vấn đề chưa có tiền lệ, mang tính toàn dân, toàn diện, toàn cầu. Trong bối cảnh đó, quản trị toàn cầu cần hướng tới: Mục tiêu trọng tâm là duy trì hoà bình, ổn định và phát triển bao trùm, toàn diện; Nguyên tắc quan trọng nhất là tôn trọng bình đẳng, cùng có lợi, dựa trên luật lệ và thông lệ quốc tế, đoàn kết, hợp tác, đối thoại nhằm tạo ra sức mạnh, đem lại lợi ích, củng cố niềm tin. Cách tiếp cận xuyên suốt là toàn dân, toàn diện, toàn cầu, đặt con người ở vị trí trung tâm.
Với phương châm “đoàn kết để có sức mạnh - hợp tác để có lợi ích - đối thoại để có lòng tin”, Thủ tướng Chính phủ đề xuất ba bảo đảm chiến lược nhằm thúc đẩy tăng trưởng bao trùm, bền vững và không để ai bị bỏ lại phía sau:
Thứ nhất, bảo đảm ổn định để phát triển trong quan hệ quốc tế, chính trị thế giới và kinh tế vĩ mô toàn cầu.Thủ tướng đề xuất G20 đi đầu trong xây dựng cơ chế hợp tác quốc tế tôn trọng lẫn nhau, tìm kiếm giải pháp cho các xung đột, tạo môi trường thuận lợi cho phát triển; phối hợp chính sách để ngăn ngừa rủi ro hệ thống, ứng phó khủng hoảng; hạn chế rào cản thương mại, giảm thiểu phân mảnh chuỗi cung ứng; thúc đẩy các sáng kiến chuyển đổi nợ, bảo đảm ổn định vĩ mô toàn cầu.
Thứ hai, bảo đảm hệ thống thương mại đa phương dựa trên luật lệ, với WTO là trung tâm, hệ thống tài chính toàn cầu cân bằng, minh bạch, cởi mở; quyền tiếp cận bình đẳng về khoa học công nghệ và tài chính cho phát triển.
Thủ tướng đề nghị G20 tăng cường hợp tác, đấu tranh không chính trị hoá khoa học và thương mại, hỗ trợ các nước đang phát triển bằng các chính sách thương mại công bằng, hài hoà lợi ích, phát triển hệ thống tài chính hiệu quả và nâng cao năng lực chuyển đổi số, đáp ứng tốt hơn nhu cầu phát triển nhanh và bền vững của các quốc gia; cải cách toàn diện WTO để hoạt động tích cực, hiệu quả hơn.
Thứ ba, bảo đảm quản trị toàn cầu linh hoạt, hiệu quả, tạo hệ sinh thái cho phát triển mạnh mẽ trong kỷ nguyên chuyển đổi số, chuyển đổi xanh. Thủ tướng kêu gọi G20 cùng các cơ chế đa phương tăng cường đối thoại, xây dựng khuôn khổ quản trị toàn cầu hài hoà giữa kinh tế, xã hội và môi trường, giữa hiện tại và tương lai, cân bằng lợi ích giữa các nền kinh tế; thúc đẩy hợp tác về trí tuệ nhân tạo, biến đổi khí hậu, phòng chống thiên tai, dịch bệnh…
Thủ tướng khẳng định Việt Nam sẵn sàng hợp tác tích cực, bình đẳng, cùng có lợi với các nước, G20 và cộng đồng quốc tế vì một thế giới hòa bình, văn minh, thịnh vượng, phát triển bền vững và bao trùm, “không để ai bị bỏ lại phía sau” để mọi người dân đều được hưởng lợi từ thành quả của phát triển và hội nhập quốc tế sâu rộng và hiệu quả."
https://cafef.vn/mot-chi-so-cua-viet-nam-dan-dau-dong-nam-a-3-nam-lien-tiep-188251123095625686.chn,Một chỉ số của Việt Nam dẫn đầu Đông Nam Á 3 năm liên tiếp,"Tốc độ phát triển đạt khoảng 20%/năm, cao gấp 3 lần tốc độ tăng trưởng GDP.","Theo ước tính của Bộ Khoa học Công nghệ,Việt Nam là quốc gia có tốc độ phát triển kinh tế số nhanh nhất Đông Nam Á trong 3 năm liên tiếp.Tốc độ phát triển tinh tế số khoảng 20%/năm, cao gấp 3 lần tốc độ tăng trưởng GDP.
Tốc độ Internet di động của Việt Nam tiếp tục duy trì trong nhóm 20 quốc gia dẫn đầu thế giới,xếp hạng 13/139 quốc gia, tốc độ tải xuống đạt khoảng 160 Mbps. Mạng 5G tiếp tục được đẩy mạnh triển khai trên toàn quốc. Dự kiến đến hết năm 2025, Việt Nam có khoảng 70.000 trạm 5G, tương đương khoảng 60% số trạm 4G, phủ sóng khoảng 90% dân số.
Tốc độ Internet cố định của Việt Nam đứng thứ 11 thế giới, tăng 21 bậc so với cùng kỳ năm 2024. Tính đến cuối năm 2024, Việt Nam có 45 trung tâm dữ liệu (IDC), trong đó 32 IDC cung cấp dịch vụ thương mại và 13 IDC phục vụ nội bộ.
Việt Nam cũng có tiềm năng lớn với khoảng 170 trường đại học và trên 500 trường dạy nghề đang đào tạo chuyên ngành công nghệ thông tin và các lĩnh vực liên quan; hằng năm số tốt nghiệp khoảng trên 80.000 người.
Công nghiệp Công nghệ số Việt Nam duy trì tốc độ tăng trưởng cao, là nền tảng cho sự phát triển của kinh tế số, Việt Nam hiện có khoảng 80.000 doanh nghiệp công nghệ số, doanh thu tháng 10 đạt khoảng 20 tỷ USD (tăng 50% so cùng kỳ 2024). Các doanh nghiệp này đang tạo ra các sản phẩm phần cứng, nền tảng số, dịch vụ số phục vụ CĐS quốc gia, KTS và mở rộng thị trường quốc tế.

Theo đánh giá của Bộ Khoa học Công nghệ, Việt Nam đang chuyển mình mạnh mẽ từ mô hình gia công, lắp ráp sang thiết kế, làm chủ công nghệ và sản xuất các sản phẩm ""Make in Vietnam"". Sự chuyển dịch này là yếu tố then chốt để nâng cao giá trị gia tăng và khả năng cạnh tranh quốc gia.
Nghị quyết 57-NQ/TW xác định, khoa học công nghệ, đổi mới sáng tạo và chuyển đổi số là đột phá quan trọng hàng đầu, là động lực chính để phát triển nhanh lực lượng sản xuất hiện đại. Nghị quyết đặt ra các mục tiêu rất rõ ràng, đến năm 2030, tỷ trọng kinh tế số đạt khoảng 30% GDP.
PGS.TS Nguyễn Thường Lạng, Giảng viên cao cấp, Viện Kinh tế, Đại học Kinh tế quốc dân dự báo,tỷ trọng kinh tế số có thể đạt 50% GDP vào năm 2045,trở thành trụ cột quan trọng nhất của năng lực cạnh tranh quốc gia trong kỷ nguyên số.
Theo nhận định của ông Nguyễn Hữu Tuấn, Giám đốc Trung tâm Phát triển Thương mại điện tử và Công nghệ số (Bộ Công Thương),thương mại điện tử (TMĐT) đang trở thành lĩnh vực có tốc độ tăng trưởng nhanh nhất trong toàn bộ nền kinh tế số Việt Nam.
Quy mô bán lẻ TMĐT thế giới dự kiến đạt 6.860 tỷ USD vào năm 2025, với tốc độ tăng trưởng trung bình 8,3%. Châu Á tiếp tục dẫn đầu thị trường TMĐT toàn cầu, trong đó Trung Quốc chiếm 44% thị phần. Tuy vậy, các nền kinh tế Đông Nam Á, đặc biệt là Indonesia, Việt Nam và Thái Lan đang nổi lên là điểm tăng trưởng nhanh nhất.
Năm 2024, quy mô TMĐT Việt Nam đạt 25 tỷ USD, tăng 25% so với năm trước, mức tăng cao nhất Đông Nam Á. Việt Nam xếp sau Indonesia (65 tỷ USD) và Thái Lan (26 tỷ USD) về quy mô tuyệt đối, nhưng lại dẫn đầu khu vực về tốc độ mở rộng thị trường.
Dự báo năm 2025,TMĐT Việt Nam có thể vượt mốc 30 tỷ USD, đóng góp khoảng 10% tổng mức bán lẻ hàng hóa và dịch vụ tiêu dùng.

Theo ông Tuấn, TMĐT không chỉ là động lực tăng trưởng mới mà còn giữ vai trò trụ cột trong tiến trình chuyển đổi số của doanh nghiệp, đặc biệt là với nhóm doanh nghiệp nhỏ và vừa (SME).
Việc tận dụng các nền tảng số, mô hình kinh doanh trực tuyến và hệ sinh thái thanh toán – logistics số hóa đang giúp các doanh nghiệp mở rộng thị trường, nâng cao hiệu quả vận hành và gia tăng khả năng cạnh tranh trong bối cảnh môi trường kinh doanh thay đổi nhanh chóng.
Dù đạt tốc độ tăng trưởng ấn tượng, TMĐT Việt Nam vẫn đứng trước nhiều thách thức. Ông Tuấn chỉ ra rằng thương mại điện tử hiện mới chiếm khoảng 10% tổng mức bán lẻ, trong khi thói quen dùng tiền mặt vẫn còn phổ biến. Bài toán hàng giả, hàng nhái, hàng kém chất lượng cũng khiến người tiêu dùng thiếu niềm tin khi mua sắm trực tuyến.
Bên cạnh đó, mức độ cạnh tranh giữa các nền tảng TMĐT lớn như Shopee, TikTok và Lazada ngày càng gay gắt. Cuộc đua về giá, dịch vụ và ưu đãi liên tục leo thang không chỉ tạo áp lực lên người bán mà còn khiến các doanh nghiệp vận hành nền tảng chịu sức ép lớn về chi phí và hiệu quả hoạt động.
*Hình minh họa bởi AI"
https://cafef.vn/tao-suc-bat-de-tp-hcm-but-pha-nhung-cu-hich-tu-dat-dai-188251123082339903.chn,"TẠO SỨC BẬT ĐỂ TP HCM BỨT PHÁ: Những ""cú hích"" từ đất đai","Việc trao thêm quyền về thu hồi đất, mở rộng phạm vi quỹ đất thanh toán dự án BT… giúp TP HCM sớm giải quyết ""điểm nghẽn"" đất đai, tranh thủ mời gọi nhà đầu tư","ThS-KTS Ngô Anh Vũ, Viện trưởng Viện Quy hoạch xây dựng TP HCM, cho rằng trong bối cảnh mới, TP HCM cần cơ chế ưu đãi, vượt trội để tiếp tục phát huy tiềm năng, thế mạnh, bứt tốc phát triển để đóng góp nhiều hơn cho đất nước.
Tận dụng lợi thế
Theo ông Ngô Anh Vũ, Nghị quyết 98/2023 của Quốc hội về thí điểm một số cơ chế, chính sách đặc thù phát triển TP HCM, giúp thành phố giải quyết được một số vấn đề, trong đó có việc khởi động lại các dự án hạ tầng là tín hiệu tốt. Tuy nhiên, bối cảnh hiện nay, cộng với những vấn đề được nhận diện trong quá trình triển khai Nghị quyết 98/2023, thành phố cần cơ chế, chính sách tác động nhanh, mạnh hơn và mở rộng hơn.
Ông Ngô Anh Vũ cho rằng TP HCM yêu cầu phát triển nhiều tuyến của hệ thống đường sắt đô thị và phải làm nhanh trong thời gian tới, điều này đòi hỏi phải có nguồn lực lớn để thực hiện. Do đó, các đề xuất của thành phố về một số cơ chế, chính sách liên quan tới phát triển mô hình TOD (phát triển đô thị gắn kết với giao thông công cộng) là hợp lý và cấp thiết. Việc cho phép thành phố được giữ lại 100% nguồn thu từ quỹ đất TOD để tái đầu tư cho các dự án đường sắt và giao thông thuộc tuyến TOD là điều kiện để thành phố bứt tốc trong phát triển metro.
""Chúng ta kỳ vọng sức hấp dẫn từ mô hình TOD sẽ giúp rút ngắn tiến độ phát triển đường sắt đô thị. Thành phố phát triển metro đồng bộ, nhiều tuyến thì mới giải quyết được bài toán giao thông đô thị, nâng cao chất lượng sống của người dân"" - ông Vũ nói.
Viện trưởng Viện Quy hoạch xây dựng TP HCM ủng hộ bổ sung quy định giao UBND TP HCM thẩm quyền tổ chức lập, thẩm định, phê duyệt nhiệm vụ quy hoạch, quy hoạch chung thành phố và được phép chỉ định tư vấn lập nhiệm vụ và quy hoạch chung thành phố. Quy định này giúp thành phố rút ngắn thủ tục liên quan tới quy hoạch, kịp thời giữ chân nhà đầu tư chiến lược, tạo được ""cú hích"" đầu tư, bởi chờ quá lâu về các thủ tục sẽ dễ mất cơ hội.
Trong khi đó, một số chuyên gia gợi ý, ở tầm nhìn xa hơn, nên chăng tiến tới xây dựng Luật Đô thị đặc biệt cho TP HCM. Điều này giúp thành phố tránh tình trạng ""vướng ở đâu xin ở đó"", thay vào đó là khung pháp lý rõ ràng, có độ mở để tận dụng thời cơ, lợi thế.
Tại kỳ họp thứ 5 (kỳ họp chuyên đề) của HĐND TP HCM khóa X, nhiệm kỳ 2021-2026 vừa diễn ra, đại biểu Vương Đức Hoàng Quân nhìn nhận trong hơn 2 năm triển khai Nghị quyết 98, thành phố đã đạt được kết quả bước đầu. Nhưng với nhiệm vụ và thách thức mới thì cần có văn bản pháp quy mới thay thế. Chẳng hạn, điều 10 Nghị quyết 98/2023 quy định về tổ chức bộ máy chính quyền TP Thủ Đức (cũ) hiện không còn phù hợp, cần phải sửa đổi, bổ sung. Hoặc một số nội dung khác cũng cần mở rộng, thay đổi để phù hợp với bối cảnh hiện nay.
TP HCM cần cơ chế, chính sách vượt trội để phát triển mô hình TOD. Trong ảnh: Hầm chui HC1-01 tại nút giao An Phú được thông xe vào ngày 30-6Ảnh: HOÀNG TRIỀU
3 nhóm cơ chế cần ưu tiên
TS Chu Thanh Tuấn, Phó Chủ nhiệm nhóm ngành Cử nhân kinh doanh Đại học RMIT Việt Nam, nhận định bên cạnh những thuận lợi thì các thách thức lớn trong quá trình hình thành siêu đô thị cũng không thể xem nhẹ: bộ máy quản trị truyền thống sẽ quá tải; dễ dẫn đến tình trạng ""chậm trễ - xa dân"" nếu không thay đổi mạnh về mô hình; phân bổ nguồn lực, chia sẻ giá trị đất đai, xử lý ô nhiễm và gánh nặng hạ tầng sẽ gây xung đột lợi ích giữa các vùng lõi... Trong bối cảnh trên, việc sửa đổi Nghị quyết 98 được xem là cần thiết để tháo gỡ nút thắt và tạo sức bật mới cho TP HCM.
TS Chu Thanh Tuấn phân tích có 3 nhóm cơ chế cần ưu tiên, trong đó nổi bật là cơ chế tích hợp phát triển không gian đô thị vùng và mô hình quản lý siêu đô thị. Cụ thể, cần xây dựng và trao quyền cho cơ quan vùng hoạch định, phê duyệt các quy hoạch tích hợp xuyên biên giới hành chính của các tỉnh, thành; bổ sung quy chế điều phối liên vùng về giao thông, môi trường, số hóa hạ tầng; ban hành công cụ mới như công ty phát triển đô thị, hợp tác điều chỉnh đất để thúc đẩy nhanh các dự án lớn. TOD là một trụ cột, do vậy, cần gắn với đổi mới thủ tục thu hồi đất, bồi thường để tránh ách tắc phát triển hạ tầng.
Theo các chuyên gia, nếu triển khai được những cơ chế vượt trội từ sửa đổi Nghị quyết 98, TP HCM có thể sẽ thoát khỏi vị thế ""xin cơ chế đặc thù"" để trở thành siêu đô thị có sức cạnh tranh lớn hơn ở Đông Nam Á và vươn ra toàn cầu. Cửa sổ cho sự chuyển mình này đang mở, đòi hỏi thiết kế mạnh mẽ, quyết liệt và nhất quán về thể chế ngay trong năm 2025.
Theo TS Đỗ Thiên Anh Tuấn, Trường Chính sách công và Quản lý Fulbright, không gian phát triển mới của TP HCM đang cho phép mở rộng quy mô đầu tư và hạ tầng, cùng với việc tận dụng thu hút dòng vốn FDI chất lượng cao giúp nâng tầm công nghệ, quản trị và năng suất. Nếu được tận dụng tốt, TP HCM có thể tạo ra ""cú hích"" năng suất tổng hợp đủ lớn để đạt tăng trưởng 2 con số trong giai đoạn sắp tới mà không đánh đổi tính bền vững.
""Đây là cơ hội để thành phố bước ra khỏi quỹ đạo tăng trưởng cũ dựa vào vốn và lao động, tiến tới mô hình tăng trưởng dựa trên đổi mới, kết nối vùng và hội nhập toàn cầu, đúng với vị thế một siêu đô thị kinh tế hàng đầu khu vực Đông Nam Á trong thập kỷ tới"" - TS Đỗ Thiên Anh Tuấn nói.
Ưu đãi nhà đầu tư chiến lược
Hiến kế thêm về một số khung pháp lý vượt trội cho TP HCM, TS Chu Thanh Tuấn cho rằng việc tạo ra cơ chế thúc đẩy sức cạnh tranh, đổi mới và quốc tế hóa siêu đô thị cũng rất quan trọng.
Điều này sẽ góp phần phát triển mạnh các vùng kinh tế tự do, khu thương mại - tài chính quốc tế (IFC), mở rộng ưu đãi cho nhà đầu tư chiến lược trong các lĩnh vực công nghệ cao, bán dẫn, số hóa.
"
https://cafef.vn/chua-tung-co-o-vn-ceo-viet-tam-thu-tuyen-cong-nhan-tren-toan-quoc-tra-luong-toi-47-trieu-dong-thang-188251123073113302.chn,"Chưa từng có ở VN: CEO viết tâm thư tuyển công nhân trên toàn quốc, trả lương tới 47 triệu đồng/tháng",Tổng giám đốc của doanh nghiệp này vừa gửi tâm thư kêu gọi công nhân xây dựng trên toàn quốc với mức lương và nhiều đãi ngộ hấp dẫn.,"Mới đây, ông Nguyễn Hồng Phong, Tổng giám đốc CTCP Phát triển và Đầu tư Xây dựng Vincons (VinCons), công ty xây dựng trực thuộc Vinhomes, vừa gửi tâm thư tới công nhân xây dựng trên cả nước để kêu gọi lực lượng lao động tham gia thi công các công trình, dự án trọng điểm.
Trong thư, CEO VinCons nhắc lại các công trình VinCons từng thực hiện, đồng thời dùng nhiều cụm từ nhấn mạnh quy mô như ""trọng điểm quốc gia"", ""rộng lớn"", ""hùng vĩ"", ""đẳng cấp quốc tế"" và ""xứng tầm"".
Đặc biệt, lãnh đạo Tổng thầu xây dựng của Vingroup còn đề cập đến vai trò của người công nhân trong định hướng phát triển của công ty:""Một công ty chỉ thực sự mạnh khi đội ngũ cán bộ công nhân của họ mạnh"".Tổng Giám đốc của Vincons khẳng định mục tiêu là ""xây dựng một tập thể vững mạnh, nơi người thợ được tôn trọng, được bảo vệ và phát triển đúng với giá trị của mình"".
""Bức tâm thư này không chỉ để chiêu mộ nhân lực, mà để mời anh em về VinCons xây dựng một tập thể vững mạnh, nơi người thợ được tôn trọng, được bảo vệ và được phát triển đúng với giá trị của mình"", Tổng giám đốc Vincons bày tỏ.
VinCons có nhu cầu tuyển dụng nhiều công nhân, với mức lương cao nhất lên tới 47 triệu đồng. Ảnh: VinCons
Trong bức tâm thư, dù không nêu chi tiết các vị trí đang tuyển dụng nhưng có đề cập tới mức lương và nhiều đãi ngộ hấp dẫn. Cụ thể, mức lương mà VinCons trả cho công nhân dao độngtừ 14 – 47 triệu đồng/tháng, thanh toán đúng hẹn 2 lần mỗi tháng.Nếu vượt sản lượng được chi trả 100% theo quy định và người chưa biết nghề được đào tạo miễn phí và được trả lương trong thời gian đào tạo.
Lãnh đạo VinCons nhấn mạnh trong tâm thư tuyển công nhân là công việc ổn định, nhiều dự án lớn, làm lâu dài; trường hợp nghỉ chờ việc được hưởng 70% lương.
Công nhân vào làm việc ở VinCons được cung cấp miễn phí nơi ăn ở, điện nước, 3 bữa ăn mỗi ngày, phòng ngủ có điều hòa và bình nóng lạnh, và có xe đưa đón từ nơi ở đến công trường. Công nhân sẽ được hưởng bảo hiểm y tế, bảo hiểm xã hội và bảo hiểm tai nạn nghề nghiệp.
Trước đó, vào cuối tháng 10, VinCons từng công bố chiến dịch tuyển dụng, với quy mô khoảng 50.000 lao động trong ngành xây dựng, từ công nhân phổ thông đến kỹ sư và tổ trưởng kỹ thuật, thu nhập từ 14 - 47 triệu đồng/tháng tùy vị trí. Địa điểm làm việc là các tỉnh, thành phố đang có dự án của Tập đoàn Vingroup như Hà Nội, Hải Phòng và TP HCM.
Đợt tuyển dụng quy mô lớn này diễn ra khi Vincons liên tiếp được chọn làm tổng thầu cho hàng loạt dự án quy mô của Tập đoàn Vingroup.
Vincons là công ty thành viên của Vinhomes, thuộc hệ sinh thái của Vingroup. Ảnh: VIC
Được thành lập năm 2018,VinCons là công ty con 100% vốn của Vinhomes,chuyên làm tổng thầu cho các dự án do Vingroup và Vinhomes đầu tư.
Nhà thầu này từng đã và đang thi công nhiều dự án lớn ở Việt Nam. Cụ thể, năm 2024, Tập đoàn Vingroup đã ký hợp đồng tổng thầu EPC với VinCons để thi công hệ thống hạ tầng kỹ thuật và các công trình nhà ở, thương mại dịch vụ thuộc phân khu Hạ Long. Đây là một phần của dự án Khu đô thị phức hợp Hạ Long Xanh (có tổng vốn đầu tư khoảng 18 tỷ USD) tại Quảng Ninh.
Cùng thời điểm trên, Tổng thầu VinCons được giao xây dựng các công trình trường học tại dự án Vinhomes Vũ Yên (Hải Phòng).
Trước đó, VinCons đã thi công tại Vinhomes Ocean Park 2 và 3 (Hưng Yên), Vinhomes Cổ Loa và Trung tâm Hội chợ Triển lãm Quốc gia tại Hà Nội.
"
https://cafef.vn/som-ban-hanh-bang-gia-tinh-le-phi-truoc-ba-o-to-xe-may-2026-188251123083647916.chn,"Sớm ban hành bảng giá tính lệ phí trước bạ ô tô, xe máy 2026","Cục Thuế vừa có công văn yêu cầu các Thuế tỉnh, thành phố khẩn trương trình UBND tỉnh ban hành Bảng giá tính lệ phí trước bạ ô tô, xe máy mới áp dụng cho địa phương.","Công văn của Cục Thuế cho biết, ngày 30/6/2025, Chính phủ ban hành Nghị định số 175/2025/NĐ-CP sửa đổi, bổ sung một số điều của Nghị định số 10/2022/NĐ-CP ngày 15/10/2022 của Chính phủ quy định về lệ phí trước bạ. Nghị định có hiệu lực thi hành từ ngày 1/7/2025.
Thuế tỉnh, thành phố khẩn trương báo cáo, tham mưu UBND tỉnh chủ động phân công các đơn vị trực thuộc xây dựng và trình UBND tỉnh ban hành Bảng giá tính lệ phí trước bạ ô tô, xe máy mới. Ảnh: TL
Ngày 1/7/2025, Bộ Tài chính đã ban hành Thông tư số 67/2025/TT-BTC sửa đổi, bổ sung một số điều của Thông tư số 13/2022/TT-BTC ngày 28/2/2022 của Bộ trưởng Bộ Tài chính quy định chi tiết một số điều của Nghị định số 10/2022/NĐ-CP quy định về lệ phí trước bạ. Thông tư có hiệu lực từ ngày 1/7/2025.
Ngày 1/7/2025, Cục Thuế đã có công điện số 102/CĐ-CT về việc triển khai thực hiện Nghị định số 175/2025/NĐ-CP của Chính phủ và Quyết định số 2226/QĐ-BTC ngày 30/6/2025 của Bộ Tài chính.
Ngày 21/8/2025, Cục Thuế có công văn số 3316/CT-CS về việc triển khai Nghị định 175/2025/NĐ-CP của Chính phủ và Thông tư 67/2025/TT-BTC của Bộ Tài chính về lệ phí trước bạ.
Tại khoản 4 Điều 13 Nghị định số 10/2022/NĐ-CP (được sửa đổi, bổ sung bởi khoản 8 Điều 1 Nghị định 175/2025/NĐ-CP) quy định UBND tỉnh, thành phố trực thuộc trung ương có trách nhiệm ban hành Bảng giá tính lệ phí trước bạ đối với nhà, ô tô và xe máy để làm căn cứ tính lệ phí trước bạ theo quy định tại Nghị định này.
Tại khoản 2 Điều 2 Nghị định 175/2025/NĐ-CP quy định từ ngày Nghị định này có hiệu lực thi hành (từ 1/7/2025) đến hết ngày 31/12/2025, trường hợp UBND tỉnh, thành phố trực thuộc trung ương chưa ban hành Bảng giá tính lệ phí trước bạ đối với ô tô, xe máy thì tiếp tục được áp dụng Bảng giá tính lệ phí trước bạ, Bảng giá tính lệ phí trước bạ điều chỉnh, bổ sung đối với ô tô, xe máy do Bộ Tài chính ban hành.
Tại điểm a khoản 2 Điều 3 Thông tư 13/2022/TT-BTC (được sửa đổi, bổ sung bởi khoản 2 Điều 1 Thông tư 67/2025/TT-BTC) quy định cơ quan thuế cấp tỉnh thực hiện, tổ chức thực hiện cập nhật, tổng hợp các cơ sở dữ liệu giá chuyể nhượng trên thị trường, giá tính lệ phí trước bạ đối với ô tô, xe máy; chủ trì, phối hợp với các đơn vị liên quan rà soát cơ sở dữ liệu giá, xây dựng và trình UBND cấp tỉnh ban hành Bảng giá tính lệ phí trước bạ, Bảng giá tính lệ phí trước bạ điều chỉnh, bổ sung đối với ô tô, xe máy theo quy định tại khoản 2 và khoản 3 Điều 7 Nghị định số 10/2022/NĐ-CP ( được sửa đổi, bổ sung tại Điều 1 Nghị định số 175/2025/NĐ-CP).
Tại khoản 2 Điều 43 Nghị định số 78/2025/NĐ-CP ngày 1/4/2025 của Chính phủ quy định chi tiết một số điều và biện pháp để tổ chức, hướng dẫn thi hành Luật Ban hành văn bản quy phạm pháp luật (sửa đổi, bổ sung tại khoản 24 Điều 1 Nghị định số 187/2025/NĐ-CP ngày 1/7/2025 của Chính phủ sửa đổi, bổ sung một số điều của Nghị định số 78/2025/NĐ-CP) quy định ""2. Cơ quan chuyên môn thuộc UBND cấp tỉnh, cơ quan quân sự, công an tỉnh, thành phố, cơ quan thuộc UBND cấp tỉnh tự mình hoặc theo chỉ đạo của UBND, Chủ tịch UBND cấp tỉnh đăng ký xây dựng quyết định của UBND quy định tại điểm b và điểm c khoản 2 Điều 21 của Luật. Việc đăng ký xây dựng quyết định của UBND thực hiện theo Quy chế làm việc của UBND.
Để bảo đảm việc thu lệ phí trước bạ từ ngày 1/1/2026, đề nghị các Thuế tỉnh, thành phố khẩn trương báo cáo, tham mưu UBND tỉnh chủ động phân công các đơn vị trực thuộc xây dựng và trình UBND tỉnh ban hành Bảng giá tính lệ phí trước bạ ô tô, xe máy mới áp dụng cho địa phương từ ngày 1/1/2026, làm căn cứ điều chỉnh, bổ sung định kỳ theo đúng quy định pháp luật."
https://cafef.vn/tp-hcm-kich-hoat-hon-900-du-an-ha-tang-giai-doan-2026-2030-188251123071908151.chn,TP HCM kích hoạt hơn 900 dự án hạ tầng giai đoạn 2026 - 2030,"Đây phần lớn là các dự án nhóm A, B, C thuộc lĩnh vực giao thông – hạ tầng đô thị, trải rộng trên địa bàn TP HCM và các tỉnh giáp ranh","UBND TPHCM vừa ban hành quyết định giao nhiệm vụ lập các loại báo cáo đầu tư công – từ báo cáo nghiên cứu tiền khả thi, báo cáo điều chỉnh đến đề xuất chủ trương đầu tư – cho hàng loạt dự án dự kiến triển khai trong giai đoạn 2026 - 2030.
Hơn 900 dự án hạ tầng tại TP HCM sẽ được giao lập báo cáo
Theo quyết định, có 932 dự án được giao nhiệm vụ lập báo cáo nghiên cứu tiền khả thi hoặc đề xuất chủ trương đầu tư. Đây phần lớn là các dự án nhóm A, B, C thuộc lĩnh vực giao thông – hạ tầng đô thị, trải rộng trên địa bàn TP HCM và các tỉnh giáp ranh.
Trong nhóm dự án do Ban Quản lý dự án đầu tư xây dựng các công trình giao thông TP HCM chủ trì có nhiều dự án lớn như đường song hành cao tốc TP HCM - Long Thành - Dầu Giây (đoạn từ nút giao An Phú đến đường Võ Chí Công), đường ven biển qua Cần Giờ – An Thới Đông – Nhà Bè, đường ven sông Sài Gòn từ mũi đèn đỏ đến cầu Bến Súc. Ngoài ra, còn có loạt dự án cải tạo – mở rộng hạ tầng trọng yếu: Tỉnh lộ 10, Dương Quảng Hàm, Tân Kỳ – Tân Quý, nút giao Linh Xuân, nút giao Quốc lộ 1 – Vườn Lài…
Ban Quản lý dự án đầu tư xây dựng công trình giao thông tỉnh Bình Dương được giao lập báo cáo cho các dự án liên vùng như Vành đai 3 (đoạn Tân Vạn – Bình Chuẩn, trùng với đường Mỹ Phước – Tân Vạn), đường nối Vành đai 3 với sân bay Biên Hòa, nâng cấp Quốc lộ 1K, cùng nhiều dự án giao thông then chốt qua địa bàn tỉnh.
Tại khu vực Bà Rịa – Vũng Tàu cũ, Ban Quản lý dự án giao thông khu vực và chuyên ngành nông nghiệp tỉnh Bà Rịa - Vũng Tàu, được giao triển khai báo cáo tiền khả thi cho các dự án quy mô lớn như cao tốc kết nối sân bay Long Thành – Hồ Tràm, nâng cấp Quốc lộ 51 và tuyến 991 nối dài.
Bên cạnh nhóm dự án mới, TP còn giao lập báo cáo điều chỉnh cho 5 dự án nhóm A, B, C để triển khai thực hiện trong giai đoạn 2026 – 2030. Cụ thể:
Dự án bồi thường, giải phóng mặt bằng Công viên Hồ Khánh Hội giai đoạn 4: giao Ban Quản lý dự án đầu tư xây dựng hạ tầng đô thị thực hiện.
Dự án mở mới đường đê bao dọc rạch Bà Cô (đường N8): giao Ban Quản lý dự án đầu tư xây dựng công trình giao thông tỉnh Bình Dương.
Dự án xây dựng đường N8 – N10 (từ Lê Hồng Phong đến Nguyễn Thị Minh Khai): giao Ban Quản lý dự án đầu tư xây dựng công trình giao thông tỉnh Bình Dương.
Dự án đường trục chính Đông – Tây: giao Ban Quản lý dự án đầu tư xây dựng công trình giao thông tỉnh Bình Dương.
Dự án tu bổ di tích kiến trúc nghệ thuật quốc gia Nhà hát TP HCM: giao Ban Quản lý dự án đầu tư xây dựng các công trình dân dụng và công nghiệp lập hồ sơ điều chỉnh.
Đồng thời TP HCM cũng điều chỉnh nhiệm vụ lập báo cáo cho gần 1.000 dự án đã từng được phê duyệt trước đó, nhằm cập nhật nhu cầu đầu tư và phù hợp quy hoạch giai đoạn 2026 - 2030.
Đối với các dự án thuộc lĩnh vực an ninh – quốc phòng, UBND TP yêu cầu Công an TP, Bộ Tư lệnh TP và Bộ đội Biên phòng TP làm việc với cơ quan cấp trên và căn cứ quy định tại Nghị định 149/2025 để thống nhất danh mục, phương thức chi và thời gian thực hiện trước khi trình UBND TP.
TP giao Sở Tài chính hướng dẫn các đơn vị hoàn thiện thủ tục đầu tư theo quy định. Các sở ngành, UBND quận huyện, thành phố thuộc TP HCM có trách nhiệm phối hợp, cho ý kiến chuyên môn trong quá trình lập, trình và thẩm định các báo cáo trên."
https://cafef.vn/lam-dong-khan-truong-khac-phuc-sat-lo-nhung-tuyen-deo-huyet-mach-188251121155747366.chn,Lâm Đồng khẩn trương khắc phục sạt lở những tuyến đèo huyết mạch,"Phó Thủ tướng Hồ Quốc Dũng yêu cầu tỉnh Lâm Đồng bố trí ngay khu tái định cư cho người dân xã D'ran, sớm khắc phục sạt lở 2 tuyến đèo Prenn và Mimosa.","Ngày 21-11, Phó Thủ tướng Hồ Quốc Dũng dẫn đầu đoàn công tác Trung ương đến tỉnh Lâm Đồng kiểm tra, chỉ đạo khắc phục hậu quả mưa lũ tại địa phương.
Rất nhiều nhà người dân xã D'ran thiệt hại nặng sau đợt lũ đêm 19 rạng sáng 20-11.
Đến xã D'Ran, Phó Thủ tướng Hồ Quốc Dũng thăm hỏi, động viên các hộ dân bị ảnh hưởng trong đợt lũ vừa qua; trực tiếp đi kiểm tra, chỉ đạo khắc phục hậu quả thiên tai.
Theo báo cáo của UBND xã D'Ran, từ ngày 19-11 đến 20-11, mưa lớn kéo dài đã gây sạt lở đất, ngập úng toàn bộ 31 thôn của xã, 756 nhà dân bị ngập; 15 căn nhà bị sập hoặc bị cuốn trôi. Nhiều trường học hư hại. Xã có khoảng 1.320 ha cây trồng bị ngập úng. Tổng thiệt hại của xã ước khoảng 161 tỉ đồng.
Phó Thủ tướng Hồ Quốc Dũng kiểm tra tình hình sạt lở trên đèo Mimosa.
Chỉ đạo tại chỗ, Phó Thủ tướng Hồ Quốc Dũng yêu cầu địa phương khẩn trương bố trí ngay khu tái định cư an toàn cho các hộ dân có nhà bị sập, bị cuốn trôi hoặc không còn khả năng sinh sống tại vị trí cũ; đồng thời rà soát nhu cầu, thống kê thiệt hại để hỗ trợ kịp thời, không để người dân thiếu nơi ở, thiếu lương thực, thực phẩm.
Kiểm tra tình hình sạt lở tại đèo Prenn, Phó Thủ tướng yêu cầu Lâm Đồng cần sớm triển khai các phương án khắc phục thiệt hại do mưa lũ, đặc biệt là hạ tầng giao thông ở các tuyến đèo trọng yếu như Prenn, Mimosa, D'ran…
Đèo Mimosa bị đứt gãy hoàn toàn sau sạt lở do mưa lớn kéo dài.
Ông lưu ý tỉnh Lâm Đồng nghiên cứu nâng mức hỗ trợ thiệt hại cho người dân nhằm sớm ổn định cuộc sống sau thiên tai, mưa lũ. Trong một tuần, Lâm Đồng phải có phương án, nhanh chóng phân bổ tiền hỗ trợ, gạo cho người dân thiệt hại về nhà cửa, sản xuất nông nghiệp, cây trồng vật nuôi, nếu địa phương không giải ngân kịp thời sẽ phải chịu trách nhiệm.
""Trung ương đã hỗ trợ 200 tỉ đồng cho Lâm Đồng, địa phương cần giải ngân hỗ trợ cho người dân trong thời gian càng sớm càng tốt, đây là ưu tiên số một"" - Phó thủ tướng Hồ Quốc Dũng chỉ đạo.
Đoạn sạt lở trên đèo Prenn. Hai tuyến đèo vào trung tâm Đà Lạt là Prenn và Mimosa đang phải dừng lưu thông.
Tại buổi làm việc với đoàn công tác, Chủ tịch UBND tỉnh Lâm Đồng Hồ Văn Mười báo cáo, từ ngày 17-11 đến 21-11 tỉnh có mưa lớn và kéo dài đã gây nhiều thiệt hại về người và tài sản cho người dân trên địa bàn, đặc biệt là khu vực Đà Lạt, Đơn Dương, Đức Trọng, Lâm Hà.
Mưa lũ đã làm 4 người chết, 1 người mất tích và 1 người bị thương; hơn 1.100 hộ dân bị ảnh hưởng về nhà cửa và tài sản, tập trung tại địa bàn các xã D'ran, Ka Đô, Hiệp Thạnh, Đơn Dương, Tà Năng, Ninh Gia, Cát Tiên; 1.640 ha sản xuất nông nghiệp, thủy sản và chăn nuôi.
Các tuyến đường giao thông quan trọng như đèo Prenn, đèo Mimosa, đèo D'ran bị sạt lở nghiêm trọng, hiện tại phải dừng lưu thông cùng rất nhiều tuyến đường liên thôn, liên xã hư hỏng. Thống kê sơ bộ, trong đợt mưa lũ mấy ngày qua đã khiến Lâm Đồng bị thiệt hại trên 1.000 tỉ đồng và đang tiếp tục thống kê."
